idx,x,y,z,u,v,label
0,-1.5,-0.375,0.56,0.0,1.0,start/end
1,-1.5,-0.3571428571428571,0.56,0.0,0.9761904761904762,
2,-1.5,-0.3392857142857142,0.56,0.0,0.9523809523809523,
3,-1.5,-0.3214285714285714,0.56,0.0,0.9285714285714286,
4,-1.5,-0.3035714285714286,0.56,0.0,0.9047619047619048,
5,-1.5,-0.2857142857142857,0.56,0.0,0.8809523809523809,
6,-1.5,-0.2678571428571429,0.56,0.0,0.8571428571428572,
7,-1.5,-0.25,0.56,0.0,0.8333333333333334,
8,-1.5,-0.2321428571428572,0.56,0.0,0.8095238095238095,
9,-1.5,-0.2142857142857143,0.56,0.0,0.7857142857142857,
10,-1.5,-0.1964285714285714,0.56,0.0,0.7619047619047619,
11,-1.5,-0.1785714285714286,0.56,0.0,0.7380952380952381,
12,-1.5,-0.1607142857142857,0.56,0.0,0.7142857142857143,
13,-1.5,-0.1428571428571428,0.56,0.0,0.6904761904761905,
14,-1.5,-0.125,0.56,0.0,0.6666666666666667,
15,-1.5,-0.1071428571428571,0.56,0.0,0.6428571428571428,
16,-1.5,-0.0892857142857143,0.56,0.0,0.6190476190476191,
17,-1.5,-0.0714285714285714,0.56,0.0,0.5952380952380952,
18,-1.5,-0.05357142857142855,0.56,0.0,0.5714285714285714,
19,-1.5,-0.035714285714285754,0.56,0.0,0.5476190476190477,
20,-1.5,-0.017857142857142905,0.56,0.0,0.5238095238095238,
21,-1.5,0.0,0.56,0.0,0.5,
22,-1.5,0.017857142857142905,0.56,0.0,0.47619047619047616,
23,-1.5,0.035714285714285754,0.56,0.0,0.45238095238095233,
24,-1.5,0.05357142857142855,0.56,0.0,0.4285714285714286,
25,-1.5,0.0714285714285714,0.56,0.0,0.40476190476190477,
26,-1.5,0.0892857142857143,0.56,0.0,0.38095238095238093,
27,-1.5,0.1071428571428572,0.56,0.0,0.3571428571428571,
28,-1.5,0.125,0.56,0.0,0.33333333333333337,
29,-1.5,0.14285714285714285,0.56,0.0,0.30952380952380953,
30,-1.5,0.16071428571428573,0.56,0.0,0.2857142857142857,
31,-1.5,0.1785714285714286,0.56,0.0,0.26190476190476186,
32,-1.5,0.1964285714285714,0.56,0.0,0.23809523809523814,
33,-1.5,0.21428571428571427,0.56,0.0,0.2142857142857143,
34,-1.5,0.23214285714285715,0.56,0.0,0.19047619047619047,
35,-1.5,0.25,0.56,0.0,0.16666666666666663,
36,-1.5,0.2678571428571428,0.56,0.0,0.1428571428571429,
37,-1.5,0.2857142857142857,0.56,0.0,0.11904761904761907,
38,-1.5,0.3035714285714286,0.56,0.0,0.09523809523809523,
39,-1.5,0.32142857142857145,0.56,0.0,0.0714285714285714,
40,-1.5,0.33928571428571425,0.56,0.0,0.04761904761904767,
41,-1.5,0.3571428571428571,0.56,0.0,0.023809523809523836,
42,-1.5,0.375,0.56,0.0,0.0,
43,-1.482259930582337,0.375,0.56,0.005913356472554312,0.0,
44,-1.4645198611646741,0.375,0.56,0.011826712945108625,0.0,
45,-1.446779791747011,0.375,0.56,0.017740069417662936,0.0,
46,-1.4290397223293483,0.375,0.56,0.02365342589021725,0.0,
47,-1.4112996529116852,0.375,0.56,0.029566782362771566,0.0,
48,-1.3935595834940224,0.375,0.56,0.03548013883532587,0.0,
49,-1.3758195140763594,0.375,0.56,0.04139349530788019,0.0,
50,-1.3580794446586966,0.375,0.56,0.0473068517804345,0.0,
51,-1.3403393752410335,0.375,0.56,0.053220208252988815,0.0,
52,-1.338796760509063,0.3615107913669065,0.56,0.05373441316364572,0.017985611510791363,
53,-1.3372541457770921,0.34802158273381295,0.56,0.05424861807430262,0.035971223021582725,
54,-1.3357115310451215,0.33453237410071945,0.56,0.05476282298495952,0.05395683453237409,
55,-1.3207182603083656,0.3247136984290119,0.56,0.0597605798972115,0.0670484020946508,
56,-1.3057249895716097,0.31489502275730435,0.56,0.06475833680946348,0.0801399696569275,
57,-1.2907317188348535,0.30507634708559683,0.56,0.06975609372171547,0.09323153721920421,
58,-1.2757384480980976,0.2952576714138893,0.56,0.07475385063396746,0.10632310478148092,
59,-1.2607451773613416,0.2854389957421818,0.56,0.07975160754621943,0.11941467234375763,
60,-1.2457519066245857,0.27562032007047427,0.56,0.08474936445847142,0.13250623990603433,
61,-1.2307586358878297,0.26580164439876675,0.56,0.08974712137072341,0.14559780746831102,
62,-1.2157653651510738,0.25598296872705917,0.56,0.0947448782829754,0.15868937503058775,
63,-1.2007720944143179,0.24616429305535165,0.56,0.09974263519522737,0.17178094259286447,
64,-1.185778823677562,0.23634561738364412,0.56,0.10474039210747935,0.18487251015514117,
65,-1.170785552940806,0.2265269417119366,0.56,0.10973814901973133,0.19796407771741786,
66,-1.15579228220405,0.21670826604022908,0.56,0.11473590593198332,0.21105564527969456,
67,-1.1407990114672941,0.20688959036852153,0.56,0.11973366284423531,0.22414721284197128,
68,-1.125805740730538,0.197070914696814,0.56,0.1247314197564873,0.23723878040424798,
69,-1.1108124699937822,0.18725223902510646,0.56,0.1297291766687393,0.2503303479665247,
70,-1.0958191992570263,0.17743356335339894,0.56,0.13472693358099125,0.2634219155288014,
71,-1.0808259285202704,0.16761488768169142,0.56,0.13972469049324324,0.2765134830910781,
72,-1.0658326577835142,0.15779621200998387,0.56,0.14472244740549522,0.28960505065335485,
73,-1.0508393870467585,0.14797753633827634,0.56,0.1497202043177472,0.30269661821563154,
74,-1.0358461163100023,0.13815886066656882,0.56,0.1547179612299992,0.31578818577790824,
75,-1.0208528455732466,0.1283401849948613,0.56,0.15971571814225116,0.32887975334018493,
76,-1.0058595748364905,0.11852150932315375,0.56,0.16471347505450318,0.34197132090246163,
77,-0.9908663040997345,0.10870283365144623,0.56,0.16971123196675514,0.3550628884647384,
78,-0.9758730333629787,0.09888415797973871,0.56,0.1747089888790071,0.368154456027015,
79,-0.9608797626262227,0.08906548230803113,0.56,0.17970674579125911,0.3812460235892918,
80,-0.9458864918894667,0.07924680663632361,0.56,0.1847045027035111,0.3943375911515685,
81,-0.9308932211527108,0.06942813096461614,0.56,0.1897022596157631,0.40742915871384516,
82,-0.9158999504159548,0.05960945529290862,0.56,0.19470001652801505,0.42052072627612186,
83,-0.9009066796791989,0.04979077962120104,0.56,0.19969777344026704,0.4336122938383986,
84,-0.885913408942443,0.03997210394949352,0.56,0.20469553035251903,0.4467038614006753,
85,-0.8709201382056869,0.030153428277785943,0.56,0.20969328726477102,0.45979542896295206,
86,-0.855926867468931,0.020334752606078477,0.56,0.214691044177023,0.4728869965252287,
87,-0.8409335967321752,0.010516076934370955,0.56,0.21968880108927497,0.4859785640875054,
88,-0.8259403259954191,0.0006974012626634329,0.56,0.22468655800152695,0.4990701316497821,
89,-0.8109470552586632,-0.0091212744090442,0.56,0.22968431491377894,0.5121616992120589,
90,-0.7959537845219072,-0.018939950080751666,0.56,0.23468207182603093,0.5252532667743356,
91,-0.7809605137851513,-0.028758625752459133,0.56,0.2396798287382829,0.5383448343366122,
92,-0.7659672430483954,-0.03857730142416671,0.56,0.24467758565053488,0.551436401898889,
93,-0.7509739723116394,-0.048395977095874176,0.56,0.24967534256278687,0.5645279694611656,
94,-0.7359807015748834,-0.058214652767581754,0.56,0.25467309947503886,0.5776195370234424,
95,-0.7209874308381274,-0.06803332843928939,0.56,0.25967085638729087,0.5907111045857192,
96,-0.7059941601013715,-0.0778520041109968,0.56,0.26466861329954283,0.6038026721479958,
97,-0.6910008893646156,-0.08767067978270443,0.56,0.2696663702117948,0.6168942397102726,
98,-0.6760076186278596,-0.09748935545441184,0.56,0.2746641271240468,0.6299858072725492,
99,-0.6610143478911037,-0.10730803112611947,0.56,0.27966188403629877,0.643077374834826,
100,-0.6460210771543476,-0.117126706797827,0.56,0.2846596409485508,0.6561689423971027,
101,-0.6310278064175918,-0.12694538246953457,0.56,0.28965739786080275,0.6692605099593794,
102,-0.6160345356808359,-0.13676405814124193,0.56,0.2946551547730547,0.6823520775216559,
103,-0.6010412649440798,-0.1465827338129495,0.56,0.2996529116853067,0.6954436450839327,
104,-0.6010013697354943,-0.12859712230215825,0.56,0.29966621008816857,0.671462829736211,
105,-0.600961474526909,-0.11061151079136677,0.56,0.29967950849103037,0.6474820143884891,
106,-0.6009215793183236,-0.09262589928057546,0.56,0.29969280689389216,0.6235011990407673,
107,-0.600881684109738,-0.07464028776978404,0.56,0.299706105296754,0.5995203836930454,
108,-0.6008417889011526,-0.056654676258992676,0.56,0.2997194036996158,0.5755395683453236,
109,-0.6008018936925672,-0.038669064748201365,0.56,0.2997327021024776,0.5515587529976018,
110,-0.6007619984839818,-0.020683453237410054,0.56,0.2997460005053394,0.52757793764988,
111,-0.6007221032753962,-0.0026978417266186883,0.56,0.29975929890820124,0.5035971223021583,
112,-0.6006822080668107,0.015287769784172678,0.56,0.2997725973110631,0.4796163069544364,
113,-0.6006423128582253,0.033273381294964044,0.56,0.2997858957139249,0.45563549160671457,
114,-0.60060241764964,0.051258992805755466,0.56,0.2997991941167867,0.43165467625899273,
115,-0.6005625224410546,0.06924460431654678,0.56,0.2998124925196485,0.40767386091127095,
116,-0.6005226272324692,0.08723021582733814,0.56,0.29982579092251027,0.3836930455635491,
117,-0.6004827320238838,0.10521582733812962,0.56,0.29983908932537207,0.3597122302158272,
118,-0.6004428368152983,0.12320143884892093,0.56,0.2998523877282339,0.3357314148681054,
119,-0.6004029416067127,0.14118705035971227,0.56,0.29986568613109577,0.31175059952038364,
120,-0.6003630463981273,0.1591726618705036,0.56,0.29987898453395756,0.28776978417266186,
121,-0.6003231511895419,0.17715827338129497,0.56,0.29989228293681935,0.26378896882494,
122,-0.6002832559809563,0.19514388489208634,0.56,0.2999055813396812,0.2398081534772182,
123,-0.600243360772371,0.21312949640287776,0.56,0.299918879742543,0.21582733812949634,
124,-0.6002034655637855,0.23111510791366907,0.56,0.29993217814540485,0.19184652278177455,
125,-0.6001635703552001,0.24910071942446044,0.56,0.29994547654826664,0.16786570743405277,
126,-0.6001236751466147,0.2670863309352518,0.56,0.29995877495112844,0.1438848920863309,
127,-0.6000837799380293,0.28507194244604317,0.56,0.29997207335399023,0.1199040767386091,
128,-0.6000438847294439,0.30305755395683454,0.56,0.299985371756852,0.09592326139088732,
129,-0.6000039895208584,0.3210431654676259,0.56,0.2999986701597139,0.07194244604316545,
130,-0.599964094312273,0.33902877697841727,0.56,0.30001196856257567,0.04796163069544366,
131,-0.5999241991036877,0.35701438848920863,0.56,0.30002526696543746,0.023980815347721788,
132,-0.5998843038951021,0.375,0.56,0.3000385653682993,0.0,
133,-0.5821274669260046,0.375,0.56,0.3059575110246651,0.0,
134,-0.5643706299569073,0.375,0.56,0.31187645668103087,0.0,
135,-0.5466137929878099,0.375,0.56,0.3177954023373967,0.0,
136,-0.5288569560187124,0.375,0.56,0.32371434799376253,0.0,
137,-0.5111001190496152,0.375,0.56,0.3296332936501283,0.0,
138,-0.4933432820805175,0.375,0.56,0.33555223930649414,0.0,
139,-0.47558644511142023,0.375,0.56,0.34147118496285994,0.0,
140,-0.45782960814232276,0.375,0.56,0.34739013061922575,0.0,
141,-0.4400727711732255,0.375,0.56,0.3533090762755915,0.0,
142,-0.42231593420412805,0.375,0.56,0.35922802193195735,0.0,
143,-0.4045590972350308,0.375,0.56,0.36514696758832305,0.0,
144,-0.38680226026593334,0.375,0.56,0.3710659132446889,0.0,
145,-0.3690454232968359,0.375,0.56,0.3769848589010547,0.0,
146,-0.3512885863277384,0.375,0.56,0.3829038045574205,0.0,
147,-0.33353174935864116,0.375,0.56,0.3888227502137863,0.0,
148,-0.3157749123895437,0.375,0.56,0.3947416958701521,0.0,
149,-0.2980180754204462,0.375,0.56,0.4006606415265179,0.0,
150,-0.280261238451349,0.375,0.56,0.4065795871828837,0.0,
151,-0.2625044014822513,0.375,0.56,0.41249853283924953,0.0,
152,-0.24474756451315405,0.375,0.56,0.41841747849561534,0.0,
153,-0.22699072754405658,0.375,0.56,0.42433642415198114,0.0,
154,-0.20923389057495934,0.375,0.56,0.4302553698083469,0.0,
155,-0.19147705360586187,0.375,0.56,0.43617431546471275,0.0,
156,-0.1737202166367644,0.375,0.56,0.4420932611210785,0.0,
157,-0.15596337966766716,0.375,0.56,0.4480122067774443,0.0,
158,-0.1382065426985697,0.375,0.56,0.4539311524338101,0.0,
159,-0.120449705729472,0.375,0.56,0.45985009809017596,0.0,
160,-0.10269286876037498,0.375,0.56,0.4657690437465417,0.0,
161,-0.08493603179127751,0.375,0.56,0.47168798940290746,0.0,
162,-0.06717919482218004,0.375,0.56,0.4776069350592733,0.0,
163,-0.0494223578530828,0.375,0.56,0.48352588071563907,0.0,
164,-0.03166552088398511,0.375,0.56,0.4894448263720049,0.0,
165,-0.013908683914887865,0.375,0.56,0.49536377202837073,0.0,
166,0.003848153054209602,0.375,0.56,0.5012827176847365,0.0,
167,0.021604990023306847,0.375,0.56,0.5072016633411023,0.0,
168,0.03936182699240409,0.375,0.56,0.513120608997468,0.0,
169,0.057118663961502,0.375,0.56,0.519039554653834,0.0,
170,0.07487550093059925,0.375,0.56,0.5249585003101997,0.0,
171,0.09263233789969649,0.375,0.56,0.5308774459665655,0.0,
172,0.11038917486879418,0.375,0.56,0.5367963916229314,0.0,
173,0.1281460118378912,0.375,0.56,0.5427153372792971,0.0,
174,0.1459028488069889,0.375,0.56,0.548634282935663,0.0,
175,0.16365968577608614,0.375,0.56,0.5545532285920287,0.0,
176,0.18141652274518338,0.375,0.56,0.5604721742483945,0.0,
177,0.19917335971428107,0.375,0.56,0.5663911199047603,0.0,
178,0.2169301966833781,0.375,0.56,0.5723100655611261,0.0,
179,0.23468703365247578,0.375,0.56,0.5782290112174919,0.0,
180,0.25244387062157303,0.375,0.56,0.5841479568738577,0.0,
181,0.2702007075906703,0.375,0.56,0.5900669025302234,0.0,
182,0.28795754455976796,0.375,0.56,0.5959858481865893,0.0,
183,0.30571438152886543,0.375,0.56,0.6019047938429551,0.0,
184,0.3234712184979627,0.375,0.56,0.6078237394993209,0.0,
185,0.3412280554670599,0.375,0.56,0.6137426851556866,0.0,
186,0.35898489243615783,0.375,0.56,0.6196616308120526,0.0,
187,0.37674172940525485,0.375,0.56,0.6255805764684182,0.0,
188,0.3944985663743523,0.375,0.56,0.6314995221247841,0.0,
189,0.41225540334344957,0.375,0.56,0.6374184677811499,0.0,
190,0.4300122403125468,0.375,0.56,0.6433374134375156,0.0,
191,0.4477690772816447,0.375,0.56,0.6492563590938816,0.0,
192,0.46552591425074175,0.375,0.56,0.6551753047502472,0.0,
193,0.48328275121983966,0.375,0.56,0.6610942504066132,0.0,
194,0.5010395881889367,0.375,0.56,0.6670131960629789,0.0,
195,0.5187964251580341,0.375,0.56,0.6729321417193447,0.0,
196,0.5365532621271316,0.375,0.56,0.6788510873757105,0.0,
197,0.5543100990962291,0.375,0.56,0.6847700330320763,0.0,
198,0.5720669360653265,0.375,0.56,0.6906889786884421,0.0,
199,0.5898237730344236,0.375,0.56,0.6966079243448079,0.0,
200,0.607580610003521,0.375,0.56,0.7025268700011736,0.0,
201,0.6253374469726185,0.375,0.56,0.7084458156575395,0.0,
202,0.6253773421812037,0.35710741751426445,0.56,0.7084591140604013,0.023856776647647397,
203,0.6254172373897893,0.3392148350285289,0.56,0.7084724124632631,0.047713553295294794,
204,0.6254571325983749,0.32132225254279334,0.56,0.7084857108661249,0.07157032994294218,
205,0.6254970278069605,0.3034296700570578,0.56,0.7084990092689868,0.09542710659058959,
206,0.6255369230155461,0.28553708757132223,0.56,0.7085123076718487,0.11928388323823699,
207,0.6255768182241317,0.26764450508558674,0.56,0.7085256060747105,0.14314065988588437,
208,0.6256167134327169,0.24975192259985118,0.56,0.7085389044775723,0.16699743653353177,
209,0.625656608641302,0.23185934011411563,0.56,0.7085522028804341,0.19085421318117918,
210,0.6256965038498881,0.21396675762838008,0.56,0.708565501283296,0.21471098982882658,
211,0.6257363990584732,0.19607417514264452,0.56,0.7085787996861577,0.23856776647647399,
212,0.6257762942670584,0.178181592656909,0.56,0.7085920980890195,0.26242454312412133,
213,0.625816189475644,0.16028901017117345,0.56,0.7086053964918814,0.28628131977176874,
214,0.62585608468423,0.1423964276854379,0.56,0.7086186948947433,0.31013809641941614,
215,0.6258959798928148,0.12450384519970237,0.56,0.708631993297605,0.33399487306706355,
216,0.6259358751014004,0.10661126271396681,0.56,0.7086452917004669,0.35785164971471095,
217,0.625975770309986,0.08871868022823126,0.56,0.7086585901033287,0.38170842636235836,
218,0.6260156655185716,0.07082609774249571,0.56,0.7086718885061905,0.4055652030100057,
219,0.6260555607271567,0.052933515256760155,0.56,0.7086851869090522,0.42942197965765316,
220,0.6260954559357419,0.0350409327710246,0.56,0.708698485311914,0.4532787563053005,
221,0.626135351144328,0.01714835028528905,0.56,0.708711783714776,0.47713553295294797,
222,0.6261752463529131,-0.0007442322004465041,0.56,0.7087250821176377,0.5009923096005954,
223,0.6262151415614987,-0.018636814686182,0.56,0.7087383805204995,0.5248490862482427,
224,0.6262550367700843,-0.03652939717191761,0.56,0.7087516789233614,0.5487058628958902,
225,0.6262949319786699,-0.05442197965765311,0.56,0.7087649773262232,0.5725626395435375,
226,0.6263348271872551,-0.07231456214338866,0.56,0.708778275729085,0.5964194161911849,
227,0.6263747223958407,-0.09020714462912421,0.56,0.7087915741319469,0.6202761928388323,
228,0.6264146176044263,-0.10809972711485977,0.56,0.7088048725348087,0.6441329694864797,
229,0.6264545128130115,-0.12599230960059526,0.56,0.7088181709376705,0.6679897461341271,
230,0.6264944080215971,-0.14388489208633093,0.56,0.7088314693405323,0.6918465227817745,
231,0.6396066332433481,-0.1534772182254196,0.56,0.713202211081116,0.7046362909672261,
232,0.6527188584650987,-0.16306954436450827,0.56,0.7175729528216995,0.7174260591526778,
233,0.6658310836868493,-0.17266187050359705,0.56,0.7219436945622831,0.7302158273381294,
234,0.6823177786347863,-0.1776079136690647,0.56,0.7274392595449287,0.7368105515587529,
235,0.6988044735827228,-0.18255395683453224,0.56,0.7329348245275743,0.7434052757793763,
236,0.7152911685306598,-0.1874999999999999,0.56,0.7384303895102199,0.7499999999999999,
237,0.7317778634785963,-0.19244604316546754,0.56,0.7439259544928655,0.7565947242206233,
238,0.7471489174150188,-0.19475847893114073,0.56,0.7490496391383396,0.7596779719081876,
239,0.7625199713514408,-0.19707091469681393,0.56,0.7541733237838136,0.7627612195957518,
240,0.7778910252878632,-0.199383350462487,0.56,0.7592970084292877,0.765844467283316,
241,0.7932620792242853,-0.2016957862281601,0.56,0.7644206930747618,0.7689277149708802,
242,0.8086331331607077,-0.2040082219938334,0.56,0.7695443777202359,0.7720109626584445,
243,0.8240041870971302,-0.2063206577595066,0.56,0.7746680623657101,0.7750942103460088,
244,0.8393752410335522,-0.20863309352517967,0.56,0.779791747011184,0.778177458033573,
245,0.8550768552696826,-0.20953237410071934,0.56,0.7850256184232275,0.7793764988009592,
246,0.8707784695058125,-0.2104316546762588,0.56,0.7902594898352708,0.7805755395683451,
247,0.8864800837419429,-0.21133093525179847,0.56,0.7954933612473143,0.7817745803357312,
248,0.9021816979780732,-0.21223021582733803,0.56,0.8007272326593577,0.7829736211031174,
249,0.9178833122142032,-0.2131294964028776,0.56,0.8059611040714011,0.7841726618705034,
250,0.933584926450334,-0.21402877697841716,0.56,0.8111949754834447,0.7853717026378896,
251,0.9492865406864639,-0.21492805755395672,0.56,0.816428846895488,0.7865707434052757,
252,0.9656286155032783,-0.2145908273381294,0.56,0.8218762051677595,0.7861211031175059,
253,0.9819706903200927,-0.21425359712230208,0.56,0.8273235634400309,0.7856714628297361,
254,0.998312765136907,-0.21391636690647475,0.56,0.8327709217123024,0.7852218225419663,
255,1.0146548399537219,-0.21357913669064743,0.56,0.8382182799845739,0.7847721822541965,
256,1.0309969147705367,-0.2132419064748201,0.56,0.8436656382568455,0.7843225419664268,
257,1.0473389895873506,-0.2129046762589928,0.56,0.8491129965291169,0.783872901678657,
258,1.063681064404165,-0.21256744604316535,0.56,0.8545603548013884,0.7834232613908871,
259,1.0800231392209794,-0.21223021582733803,0.56,0.8600077130736599,0.7829736211031174,
260,1.0972122748057958,-0.21030318602261033,0.56,0.8657374249352653,0.7804042480301472,
261,1.1144014103906121,-0.20837615621788275,0.56,0.8714671367968707,0.7778348749571771,
262,1.1315905459754285,-0.20644912641315505,0.56,0.8771968486584761,0.7752655018842067,
263,1.148779681560245,-0.20452209660842746,0.56,0.8829265605200816,0.7726961288112366,
264,1.1659688171450608,-0.20259506680369976,0.56,0.888656272381687,0.7701267557382663,
265,1.1831579527298772,-0.20066803699897218,0.56,0.8943859842432924,0.7675573826652962,
266,1.2003470883146936,-0.19874100719424448,0.56,0.9001156961048978,0.7649880095923259,
267,1.2172387196297727,-0.19460431654676247,0.56,0.9057462398765909,0.75947242206235,
268,1.2341303509448518,-0.19046762589928046,0.56,0.9113767836482839,0.7539568345323739,
269,1.2510219822599309,-0.18633093525179856,0.56,0.9170073274199769,0.748441247002398,
270,1.26791361357501,-0.18219424460431632,0.56,0.92263787119167,0.7429256594724218,
271,1.284805244890089,-0.17805755395683442,0.56,0.928268414963363,0.7374100719424459,
272,1.296664095642114,-0.17153776978417257,0.56,0.932221365214038,0.7287170263788968,
273,1.3085229463941386,-0.16501798561151082,0.56,0.9361743154647129,0.7200239808153477,
274,1.320381797146163,-0.15849820143884885,0.56,0.9401272657153877,0.7113309352517985,
275,1.332240647898188,-0.151978417266187,0.56,0.9440802159660627,0.7026378896882494,
276,1.336290011569611,-0.1434352517985611,0.56,0.9454300038565371,0.6912470023980815,
277,1.340339375241034,-0.13489208633093508,0.56,0.9467797917470113,0.6798561151079134,
278,1.340339375241034,-0.11730960059538559,0.56,0.9467797917470113,0.6564128007938475,
279,1.3403393752410335,-0.0997271148598361,0.56,0.9467797917470112,0.6329694864797815,
280,1.3403393752410344,-0.0821446291242866,0.56,0.9467797917470114,0.6095261721657155,
281,1.340339375241034,-0.06456214338873711,0.56,0.9467797917470113,0.5860828578516495,
282,1.340339375241034,-0.04697965765318762,0.56,0.9467797917470113,0.5626395435375835,
283,1.340339375241034,-0.029397171917638243,0.56,0.9467797917470113,0.5391962292235176,
284,1.340339375241034,-0.01181468618208864,0.56,0.9467797917470113,0.5157529149094515,
285,1.340339375241034,0.005767799553460795,0.56,0.9467797917470113,0.4923096005953856,
286,1.3403393752410344,0.023350285289010286,0.56,0.9467797917470114,0.46886628628131966,
287,1.340339375241034,0.04093277102455978,0.56,0.9467797917470113,0.4454229719672536,
288,1.340339375241034,0.05851525676010927,0.56,0.9467797917470113,0.4219796576531877,
289,1.340339375241034,0.0760977424956587,0.56,0.9467797917470113,0.3985363433391217,
290,1.340339375241034,0.09368022823120825,0.56,0.9467797917470113,0.3750930290250557,
291,1.340339375241034,0.11126271396675774,0.56,0.9467797917470113,0.35164971471098966,
292,1.340339375241034,0.1288451997023072,0.56,0.9467797917470113,0.3282064003969237,
293,1.340339375241034,0.1464276854378567,0.56,0.9467797917470113,0.30476308608285774,
294,1.340339375241034,0.16401017117340616,0.56,0.9467797917470113,0.2813197717687918,
295,1.340339375241034,0.18159265690895568,0.56,0.9467797917470113,0.25787645745472576,
296,1.340339375241034,0.19917514264450514,0.56,0.9467797917470113,0.23443314314065983,
297,1.340339375241034,0.21675762838005466,0.56,0.9467797917470113,0.21098982882659378,
298,1.340339375241034,0.23434011411560413,0.56,0.9467797917470113,0.18754651451252785,
299,1.340339375241034,0.2519225998511536,0.56,0.9467797917470113,0.1641032001984619,
300,1.340339375241034,0.2695050855867031,0.56,0.9467797917470113,0.14065988588439587,
301,1.340339375241034,0.2870875713222526,0.56,0.9467797917470113,0.11721657157032991,
302,1.340339375241034,0.30467005705780204,0.56,0.9467797917470113,0.09377325725626395,
303,1.340339375241034,0.3222525427933515,0.56,0.9467797917470113,0.07032994294219794,
304,1.340339375241034,0.339835028528901,0.56,0.9467797917470113,0.04688662862813198,
305,1.340339375241034,0.35741751426445056,0.56,0.9467797917470113,0.023443314314065954,
306,1.340339375241034,0.375,0.56,0.9467797917470113,0.0,
307,1.3580794446586966,0.375,0.56,0.9526931482195655,0.0,
308,1.37581951407636,0.375,0.56,0.9586065046921199,0.0,
309,1.393559583494023,0.375,0.56,0.9645198611646744,0.0,
310,1.4112996529116857,0.375,0.56,0.9704332176372286,0.0,
311,1.4290397223293483,0.375,0.56,0.9763465741097828,0.0,
312,1.4467797917470113,0.375,0.56,0.9822599305823372,0.0,
313,1.464519861164674,0.375,0.56,0.9881732870548914,0.0,
314,1.482259930582337,0.375,0.56,0.9940866435274457,0.0,
315,1.5,0.375,0.56,1.0,0.0,
316,1.5,0.35713842718928307,0.56,1.0,0.02381543041428925,
317,1.5,0.33927685437856614,0.56,1.0,0.0476308608285785,
318,1.5,0.3214152815678492,0.56,1.0,0.07144629124286775,
319,1.5,0.3035537087571323,0.56,1.0,0.095261721657157,
320,1.5,0.2856921359464153,0.56,1.0,0.11907715207144627,
321,1.5,0.26783056313569836,0.56,1.0,0.1428925824857355,
322,1.5,0.24996899032498143,0.56,1.0,0.16670801290002477,
323,1.5,0.2321074175142645,0.56,1.0,0.190523443314314,
324,1.5,0.21424584470354754,0.56,1.0,0.21433887372860327,
325,1.5,0.1963842718928306,0.56,1.0,0.23815430414289254,
326,1.5,0.17852269908211368,0.56,1.0,0.26196973455718175,
327,1.5,0.16066112627139675,0.56,1.0,0.285785164971471,
328,1.5,0.1427995534606798,0.56,1.0,0.3096005953857603,
329,1.5,0.12493798064996287,0.56,1.0,0.33341602580004953,
330,1.5,0.10707640783924588,0.56,1.0,0.3572314562143388,
331,1.5,0.089214835028529,0.56,1.0,0.381046886628628,
332,1.5,0.07135326221781207,0.56,1.0,0.40486231704291725,
333,1.5,0.05349168940709509,0.56,1.0,0.42867774745720655,
334,1.5,0.03563011659637816,0.56,1.0,0.4524931778714958,
335,1.5,0.017768543785661173,0.56,1.0,0.4763086082857851,
336,1.5,-9.302902505570199e-05,0.56,1.0,0.5001240387000743,
337,1.5,-0.017954601835772632,0.56,1.0,0.5239394691143635,
338,1.5,-0.035816174646489674,0.56,1.0,0.5477548995286529,
339,1.5,-0.05367774745720649,0.56,1.0,0.571570329942942,
340,1.5,-0.07153932026792342,0.56,1.0,0.5953857603572312,
341,1.5,-0.08940089307864041,0.56,1.0,0.6192011907715206,
342,1.5,-0.1072624658893574,0.56,1.0,0.6430166211858098,
343,1.5,-0.12512403870007427,0.56,1.0,0.6668320516000991,
344,1.5,-0.14298561151079126,0.56,1.0,0.6906474820143883,
345,1.495950636328577,-0.16052158273381278,0.56,0.9986502121095258,0.714028776978417,
346,1.491901272657154,-0.17805755395683442,0.56,0.9973004242190514,0.7374100719424459,
347,1.4832240647898192,-0.19132194244604306,0.56,0.9944080215966064,0.7550959232613907,
348,1.4745468569224838,-0.2045863309352517,0.56,0.9915156189741613,0.7727817745803356,
349,1.4658696490551488,-0.21785071942446033,0.56,0.9886232163517162,0.7904676258992804,
350,1.4571924411878134,-0.23111510791366896,0.56,0.9857308137292712,0.8081534772182253,
351,1.4449286540686463,-0.2408273381294963,0.56,0.9816428846895489,0.8211031175059951,
352,1.4326648669494797,-0.25053956834532365,0.56,0.9775549556498265,0.8340527577937649,
353,1.4204010798303126,-0.2602517985611509,0.56,0.9734670266101042,0.8470023980815345,
354,1.408137292711145,-0.26996402877697834,0.56,0.9693790975703818,0.8599520383693045,
355,1.3958735055919784,-0.27967625899280557,0.56,0.9652911685306594,0.8729016786570741,
356,1.3816043193212497,-0.28657074340527566,0.56,0.9605347731070832,0.8820943245403675,
357,1.367335133050521,-0.29346522781774576,0.56,0.955778377683507,0.891286970423661,
358,1.3530659467797919,-0.3003597122302156,0.56,0.9510219822599306,0.9004796163069542,
359,1.3387967605090636,-0.3072541966426856,0.56,0.9462655868363545,0.9096722621902475,
360,1.3245275742383344,-0.3141486810551557,0.56,0.9415091914127781,0.9188649080735409,
361,1.3102583879676057,-0.3210431654676258,0.56,0.9367527959892019,0.9280575539568343,
362,1.2942537601234099,-0.3258393285371701,0.56,0.9314179200411365,0.9344524380495601,
363,1.278249132279214,-0.33063549160671446,0.56,0.9260830440930714,0.940847322142286,
364,1.2622445044350177,-0.3354316546762588,0.56,0.9207481681450059,0.9472422062350117,
365,1.2462398765908222,-0.34022781774580313,0.56,0.9154132921969407,0.9536370903277375,
366,1.230235248746626,-0.34502398081534746,0.56,0.9100784162488753,0.9600319744204633,
367,1.2142306209024296,-0.3498201438848918,0.56,0.90474354030081,0.9664268585131891,
368,1.1975703817971466,-0.3528776978417264,0.56,0.8991901272657156,0.9705035971223018,
369,1.1809101426918627,-0.355935251798561,0.56,0.893636714230621,0.9745803357314147,
370,1.1642499035865796,-0.3589928057553955,0.56,0.8880833011955266,0.9786570743405273,
371,1.1475896644812962,-0.3620503597122301,0.56,0.8825298881604321,0.9827338129496401,
372,1.1309294253760127,-0.3651079136690647,0.56,0.8769764751253376,0.9868105515587529,
373,1.1135750096413424,-0.3669064748201438,0.56,0.8711916698804475,0.989208633093525,
374,1.0962205939066725,-0.36870503597122295,0.56,0.8654068646355575,0.9916067146282972,
375,1.0788661781720021,-0.3705035971223021,0.56,0.8596220593906674,0.9940047961630694,
376,1.0615117624373318,-0.3723021582733811,0.56,0.8538372541457773,0.9964028776978414,
377,1.0453143077516396,-0.3727517985611508,0.56,0.8484381025838799,0.9970023980815345,
378,1.0291168530659474,-0.37320143884892065,0.56,0.8430389510219825,0.9976019184652276,
379,1.0129193983802547,-0.3736510791366905,0.56,0.8376397994600849,0.9982014388489207,
380,0.9967219436945625,-0.3741007194244603,0.56,0.8322406478981874,0.9988009592326138,
381,0.9805244890088698,-0.37455035971223016,0.56,0.82684149633629,0.999400479616307,
382,0.964327034323178,-0.375,0.56,0.8214423447743926,1.0,
383,0.9497493251060547,-0.3742805755395684,0.56,0.816583108368685,0.9990407673860912,
384,0.9351716158889318,-0.3735611510791367,0.56,0.8117238719629772,0.9980815347721822,
385,0.920593906671809,-0.37284172661870496,0.56,0.8068646355572696,0.9971223021582732,
386,0.9060161974546856,-0.37212230215827335,0.56,0.8020053991515619,0.9961630695443644,
387,0.8914384882375628,-0.3714028776978415,0.56,0.7971461627458543,0.9952038369304554,
388,0.8755302738141149,-0.3696043165467624,0.56,0.791843424604705,0.9928057553956832,
389,0.8596220593906674,-0.3678057553956833,0.56,0.7865406864635558,0.9904076738609111,
390,0.8437138449672195,-0.36600719424460415,0.56,0.7812379483224065,0.9880095923261389,
391,0.8278056305437715,-0.364208633093525,0.56,0.7759352101812572,0.9856115107913667,
392,0.8116081758580793,-0.36115107913669053,0.56,0.7705360586193598,0.981534772182254,
393,0.7954107211723875,-0.35809352517985604,0.56,0.7651369070574625,0.9774580335731413,
394,0.7792132664866953,-0.35503597122302144,0.56,0.7597377554955651,0.9733812949640286,
395,0.7630158118010031,-0.35197841726618695,0.56,0.7543386039336677,0.969304556354916,
396,0.7468183571153109,-0.34892086330935246,0.56,0.7489394523717703,0.9652278177458032,
397,0.7313150790590055,-0.34442446043165464,0.56,0.7437716930196685,0.9592326139088728,
398,0.7158118010026997,-0.3399280575539567,0.56,0.7386039336675666,0.9532374100719423,
399,0.7003085229463943,-0.3354316546762589,0.56,0.7334361743154648,0.9472422062350119,
400,0.6848052448900885,-0.330935251798561,0.56,0.7282684149633629,0.9412470023980813,
401,0.6693019668337836,-0.32643884892086317,0.56,0.7231006556112611,0.9352517985611509,
402,0.6556498264558428,-0.32068345323741,0.56,0.7185499421519476,0.92757793764988,
403,0.6419976860779024,-0.3149280575539566,0.56,0.7139992286926341,0.9199040767386089,
404,0.6283455456999616,-0.3091726618705034,0.56,0.7094485152333205,0.9122302158273379,
405,0.6146934053220212,-0.3034172661870502,0.56,0.7048978017740071,0.904556354916067,
406,0.6010412649440804,-0.29766187050359705,0.56,0.7003470883146935,0.896882494004796,
407,0.5883146934053225,-0.2887975334018499,0.56,0.6961048978017742,0.8850633778691331,
408,0.5755881218665642,-0.2799331963001026,0.56,0.6918627072888547,0.8732442617334701,
409,0.5628615503278058,-0.27106885919835544,0.56,0.6876205167759353,0.8614251455978073,
410,0.5501349787890479,-0.2622045220966083,0.56,0.683378326263016,0.8496060294621444,
411,0.5374084072502896,-0.2533401849948611,0.56,0.6791361357500965,0.8377869133264815,
412,0.5246818357115313,-0.24447584789311394,0.56,0.6748939452371772,0.8259677971908186,
413,0.5119552641727734,-0.23561151079136677,0.56,0.6706517547242578,0.8141486810551557,
414,0.5033937524103362,-0.22194244604316538,0.56,0.6677979174701121,0.7959232613908871,
415,0.49483224064789866,-0.20827338129496398,0.56,0.6649440802159662,0.7776978417266186,
416,0.4862707288854611,-0.19460431654676247,0.56,0.6620902429618204,0.75947242206235,
417,0.47770921712302394,-0.18093525179856118,0.56,0.6592364057076746,0.7412470023980815,
418,0.46914770536058636,-0.16726618705035967,0.56,0.6563825684535288,0.7230215827338129,
419,0.46893734880622673,-0.14989372138652723,0.56,0.6563124496020756,0.6998582951820362,
420,0.4687269922518671,-0.13252125572269446,0.56,0.6562423307506223,0.6766950076302594,
421,0.4685166356975077,-0.11514879005886192,0.56,0.6561722118991692,0.6535317200784826,
422,0.4683062791431478,-0.09777632439502937,0.56,0.6561020930477159,0.6303684325267058,
423,0.4680959225887884,-0.08040385873119688,0.56,0.6560319741962628,0.6072051449749292,
424,0.46788556603442855,-0.06303139306736422,0.56,0.6559618553448096,0.5840418574231523,
425,0.4676752094800689,-0.045658927403531724,0.56,0.6558917364933563,0.5608785698713756,
426,0.4674648529257095,-0.028286461739699176,0.56,0.6558216176419032,0.5377152823195989,
427,0.4672544963713494,-0.010913996075866517,0.56,0.6557514987904498,0.514551994767822,
428,0.46704413981699,0.006458469587966031,0.56,0.6556813799389967,0.4913887072160453,
429,0.4668337832626306,0.02383093525179858,0.56,0.6556112610875435,0.46822541966426856,
430,0.4666234267082707,0.04120340091563113,0.56,0.6555411422360903,0.4450621321124918,
431,0.4664130701539111,0.05857586657946373,0.56,0.655471023384637,0.421898844560715,
432,0.46620271359955145,0.07594833224329633,0.56,0.6554009045331838,0.39873555700893826,
433,0.46599235704519204,0.09332079790712883,0.56,0.6553307856817306,0.37557226945716154,
434,0.4657820004908322,0.11069326357096143,0.56,0.6552606668302774,0.3524089819053847,
435,0.4655716439364723,0.12806572923479398,0.56,0.6551905479788241,0.329245694353608,
436,0.4653612873821129,0.1454381948986266,0.56,0.655120429127371,0.3060824068018312,
437,0.4651509308277533,0.16281066056245913,0.56,0.6550503102759178,0.2829191192500545,
438,0.46494057427339386,0.18018312622629168,0.56,0.6549801914244646,0.25975583169827776,
439,0.4647302177190342,0.19755559189012428,0.56,0.6549100725730114,0.23659254414650094,
440,0.46451986116467436,0.21492805755395686,0.56,0.6548399537215581,0.2134292565947242,
441,0.44658696490551497,0.21492805755395686,0.56,0.6488623216351717,0.2134292565947242,
442,0.428654068646356,0.21492805755395686,0.56,0.6428846895487853,0.2134292565947242,
443,0.41072117238719663,0.21492805755395689,0.56,0.6369070574623988,0.21342925659472417,
444,0.39278827612803724,0.21492805755395689,0.56,0.6309294253760124,0.21342925659472417,
445,0.37485537986887785,0.21492805755395686,0.56,0.6249517932896259,0.2134292565947242,
446,0.3569224836097187,0.21492805755395686,0.56,0.6189741612032396,0.2134292565947242,
447,0.3389895873505595,0.21492805755395686,0.56,0.6129965291168532,0.2134292565947242,
448,0.3210566910914001,0.21492805755395686,0.56,0.6070188970304667,0.2134292565947242,
449,0.3031237948322407,0.21492805755395686,0.56,0.6010412649440803,0.2134292565947242,
450,0.2851908985730818,0.21492805755395689,0.56,0.5950636328576939,0.21342925659472417,
451,0.2672580023139224,0.21492805755395686,0.56,0.5890860007713075,0.2134292565947242,
452,0.249325106054763,0.21492805755395686,0.56,0.583108368684921,0.2134292565947242,
453,0.2313922097956036,0.21492805755395689,0.56,0.5771307365985345,0.21342925659472417,
454,0.21345931353644465,0.21492805755395686,0.56,0.5711531045121482,0.2134292565947242,
455,0.19552641727728548,0.21492805755395683,0.56,0.5651754724257618,0.21342925659472423,
456,0.1775935210181261,0.21492805755395686,0.56,0.5591978403393754,0.2134292565947242,
457,0.1596606247589667,0.21492805755395683,0.56,0.5532202082529889,0.21342925659472423,
458,0.14172772849980753,0.21492805755395686,0.56,0.5472425761666025,0.2134292565947242,
459,0.12379483224064813,0.21492805755395689,0.56,0.5412649440802161,0.21342925659472417,
460,0.10586193598148874,0.21492805755395686,0.56,0.5352873119938296,0.2134292565947242,
461,0.08792903972232935,0.21492805755395686,0.56,0.5293096799074432,0.2134292565947242,
462,0.0699961434631704,0.21492805755395686,0.56,0.5233320478210568,0.2134292565947242,
463,0.0699961434631704,0.19705144974929148,0.56,0.5233320478210568,0.23726473366761136,
464,0.0699961434631704,0.17917484194462613,0.56,0.5233320478210568,0.2611002107404985,
465,0.0699961434631704,0.16129823413996078,0.56,0.5233320478210568,0.28493568781338563,
466,0.0699961434631704,0.14342162633529543,0.56,0.5233320478210568,0.30877116488627276,
467,0.0699961434631704,0.12554501853063008,0.56,0.5233320478210568,0.3326066419591599,
468,0.0699961434631704,0.10766841072596472,0.56,0.5233320478210568,0.35644211903204703,
469,0.0699961434631704,0.08979180292129935,0.56,0.5233320478210568,0.3802775961049342,
470,0.0699961434631704,0.07191519511663397,0.56,0.5233320478210568,0.40411307317782136,
471,0.0699961434631704,0.054038587311968644,0.56,0.5233320478210568,0.4279485502507085,
472,0.0699961434631704,0.036161979507303266,0.56,0.5233320478210568,0.4517840273235957,
473,0.0699961434631704,0.018285371702637887,0.56,0.5233320478210568,0.4756195043964828,
474,0.0699961434631704,0.00040876389797250834,0.56,0.5233320478210568,0.49945498146936995,
475,0.0699961434631704,-0.017467843906692815,0.56,0.5233320478210568,0.5232904585422571,
476,0.0699961434631704,-0.03534445171135814,0.56,0.5233320478210568,0.5471259356151442,
477,0.0699961434631704,-0.05322105951602352,0.56,0.5233320478210568,0.5709614126880314,
478,0.0699961434631704,-0.0710976673206889,0.56,0.5233320478210568,0.5947968897609185,
479,0.0699961434631704,-0.08897427512535422,0.56,0.5233320478210568,0.6186323668338056,
480,0.0699961434631704,-0.10685088293001954,0.56,0.5233320478210568,0.6424678439066928,
481,0.0699961434631704,-0.12472749073468503,0.56,0.5233320478210568,0.66630332097958,
482,0.0699961434631704,-0.1426040985393504,0.56,0.5233320478210568,0.6901387980524671,
483,0.0699961434631704,-0.16048070634401568,0.56,0.5233320478210568,0.7139742751253543,
484,0.0699961434631704,-0.17835731414868106,0.56,0.5233320478210568,0.7378097521982414,
485,0.0699961434631704,-0.19623392195334644,0.56,0.5233320478210568,0.7616452292711285,
486,0.0699961434631704,-0.2141105297580117,0.56,0.5233320478210568,0.7854807063440157,
487,0.0699961434631704,-0.23198713756267708,0.56,0.5233320478210568,0.8093161834169028,
488,0.0699961434631704,-0.24986374536734246,0.56,0.5233320478210568,0.83315166048979,
489,0.0699961434631704,-0.26774035317200795,0.56,0.5233320478210568,0.8569871375626772,
490,0.0699961434631704,-0.2856169609766732,0.56,0.5233320478210568,0.8808226146355643,
491,0.0699961434631704,-0.3034935687813386,0.56,0.5233320478210568,0.9046580917084515,
492,0.0699961434631704,-0.32137017658600386,0.56,0.5233320478210568,0.9284935687813385,
493,0.0699961434631704,-0.33924678439066924,0.56,0.5233320478210568,0.9523290458542257,
494,0.0699961434631704,-0.3571233921953346,0.56,0.5233320478210568,0.9761645229271129,
495,0.0699961434631704,-0.375,0.56,0.5233320478210568,1.0,
496,0.05225607404550736,-0.375,0.56,0.5174186913485025,1.0,
497,0.03451600462784454,-0.375,0.56,0.5115053348759482,1.0,
498,0.016775935210181725,-0.375,0.56,0.5055919784033939,1.0,
499,-0.0009641342074815373,-0.375,0.56,0.4996786219308395,1.0,
500,-0.018704203625144356,-0.375,0.56,0.4937652654582852,1.0,
501,-0.036444273042807396,-0.375,0.56,0.48785190898573083,1.0,
502,-0.054184342460470436,-0.375,0.56,0.4819385525131765,1.0,
503,-0.07192441187813348,-0.375,0.56,0.4760251960406222,1.0,
504,-0.0896644812957963,-0.375,0.56,0.4701118395680679,1.0,
505,-0.0896644812957963,-0.3571233921953346,0.56,0.4701118395680679,0.9761645229271129,
506,-0.08966448129579607,-0.33924678439066924,0.56,0.47011183956806796,0.9523290458542257,
507,-0.08966448129579652,-0.32137017658600386,0.56,0.47011183956806785,0.9284935687813385,
508,-0.0896644812957963,-0.3034935687813386,0.56,0.4701118395680679,0.9046580917084515,
509,-0.0896644812957963,-0.2856169609766732,0.56,0.4701118395680679,0.8808226146355643,
510,-0.0896644812957963,-0.26774035317200784,0.56,0.4701118395680679,0.8569871375626771,
511,-0.0896644812957963,-0.24986374536734246,0.56,0.4701118395680679,0.83315166048979,
512,-0.0896644812957963,-0.23198713756267708,0.56,0.4701118395680679,0.8093161834169028,
513,-0.0896644812957963,-0.2141105297580117,0.56,0.4701118395680679,0.7854807063440157,
514,-0.08966448129579607,-0.19623392195334644,0.56,0.47011183956806796,0.7616452292711287,
515,-0.0896644812957963,-0.17835731414868106,0.56,0.4701118395680679,0.7378097521982414,
516,-0.0896644812957963,-0.16048070634401568,0.56,0.4701118395680679,0.7139742751253543,
517,-0.0896644812957963,-0.1426040985393504,0.56,0.4701118395680679,0.6901387980524671,
518,-0.08966448129579652,-0.12472749073468492,0.56,0.47011183956806785,0.6663033209795799,
519,-0.0896644812957963,-0.10685088293001954,0.56,0.4701118395680679,0.6424678439066928,
520,-0.0896644812957963,-0.08897427512535422,0.56,0.4701118395680679,0.6186323668338056,
521,-0.0896644812957963,-0.0710976673206889,0.56,0.4701118395680679,0.5947968897609185,
522,-0.0896644812957963,-0.05322105951602352,0.56,0.4701118395680679,0.5709614126880314,
523,-0.0896644812957963,-0.03534445171135814,0.56,0.4701118395680679,0.5471259356151442,
524,-0.0896644812957963,-0.017467843906692815,0.56,0.4701118395680679,0.5232904585422571,
525,-0.0896644812957963,0.00040876389797250834,0.56,0.4701118395680679,0.49945498146936995,
526,-0.0896644812957963,0.018285371702637887,0.56,0.4701118395680679,0.4756195043964828,
527,-0.0896644812957963,0.036161979507303266,0.56,0.4701118395680679,0.4517840273235956,
528,-0.0896644812957963,0.054038587311968644,0.56,0.4701118395680679,0.4279485502507085,
529,-0.0896644812957963,0.07191519511663397,0.56,0.4701118395680679,0.40411307317782136,
530,-0.0896644812957963,0.08979180292129929,0.56,0.4701118395680679,0.3802775961049343,
531,-0.0896644812957963,0.10766841072596472,0.56,0.4701118395680679,0.35644211903204703,
532,-0.0896644812957963,0.12554501853063008,0.56,0.4701118395680679,0.3326066419591599,
533,-0.0896644812957963,0.14342162633529543,0.56,0.4701118395680679,0.30877116488627276,
534,-0.0896644812957963,0.16129823413996078,0.56,0.4701118395680679,0.28493568781338563,
535,-0.0896644812957963,0.17917484194462618,0.56,0.4701118395680679,0.26110021074049844,
536,-0.0896644812957963,0.1970514497492915,0.56,0.4701118395680679,0.23726473366761133,
537,-0.0896644812957963,0.21492805755395686,0.56,0.4701118395680679,0.2134292565947242,
538,-0.10719244118781335,0.21492805755395686,0.56,0.4642691862707289,0.2134292565947242,
539,-0.12472040107983018,0.21492805755395683,0.56,0.45842653297339,0.21342925659472423,
540,-0.14224836097184723,0.21492805755395686,0.56,0.4525838796760509,0.2134292565947242,
541,-0.15977632086386429,0.21492805755395686,0.56,0.44674122637871194,0.2134292565947242,
542,-0.17730428075588112,0.21492805755395686,0.56,0.440898573081373,0.2134292565947242,
543,-0.19483224064789817,0.21492805755395689,0.56,0.43505591978403396,0.21342925659472417,
544,-0.212360200539915,0.21492805755395686,0.56,0.429213266486695,0.2134292565947242,
545,-0.22988816043193205,0.21492805755395686,0.56,0.423370613189356,0.2134292565947242,
546,-0.24741612032394888,0.21492805755395683,0.56,0.417527959892017,0.21342925659472423,
547,-0.2649440802159657,0.21492805755395686,0.56,0.41168530659467806,0.2134292565947242,
548,-0.282472040107983,0.21492805755395686,0.56,0.40584265329733904,0.2134292565947242,
549,-0.2999999999999998,0.21492805755395686,0.56,0.4,0.2134292565947242,
550,-0.3175279598920169,0.21492805755395686,0.56,0.39415734670266106,0.2134292565947242,
551,-0.3350559197840337,0.21492805755395686,0.56,0.3883146934053221,0.2134292565947242,
552,-0.35258387967605076,0.21492805755395686,0.56,0.3824720401079831,0.2134292565947242,
553,-0.3701118395680676,0.21492805755395686,0.56,0.3766293868106441,0.2134292565947242,
554,-0.3876397994600844,0.21492805755395683,0.56,0.37078673351330516,0.21342925659472423,
555,-0.4051677593521017,0.21492805755395686,0.56,0.3649440802159661,0.2134292565947242,
556,-0.42269571924411853,0.21492805755395686,0.56,0.3591014269186271,0.2134292565947242,
557,-0.4402236791361356,0.21492805755395686,0.56,0.35325877362128816,0.2134292565947242,
558,-0.44022367913613536,0.19705144974929148,0.56,0.3532587736212882,0.23726473366761136,
559,-0.4402236791361356,0.17917484194462613,0.56,0.35325877362128816,0.2611002107404985,
560,-0.4402236791361358,0.16129823413996078,0.56,0.3532587736212881,0.28493568781338563,
561,-0.4402236791361356,0.14342162633529543,0.56,0.35325877362128816,0.30877116488627276,
562,-0.44022367913613536,0.12554501853063008,0.56,0.3532587736212882,0.3326066419591599,
563,-0.4402236791361356,0.10766841072596472,0.56,0.35325877362128816,0.35644211903204703,
564,-0.4402236791361356,0.08979180292129935,0.56,0.35325877362128816,0.3802775961049342,
565,-0.4402236791361356,0.07191519511663397,0.56,0.35325877362128816,0.40411307317782136,
566,-0.4402236791361358,0.054038587311968644,0.56,0.3532587736212881,0.4279485502507085,
567,-0.4402236791361356,0.036161979507303266,0.56,0.35325877362128816,0.4517840273235957,
568,-0.44022367913613536,0.018285371702637887,0.56,0.3532587736212882,0.4756195043964828,
569,-0.4402236791361356,0.00040876389797250834,0.56,0.35325877362128816,0.49945498146936995,
570,-0.4402236791361356,-0.017467843906692815,0.56,0.35325877362128816,0.5232904585422571,
571,-0.4402236791361356,-0.03534445171135814,0.56,0.35325877362128816,0.5471259356151442,
572,-0.4402236791361358,-0.05322105951602352,0.56,0.3532587736212881,0.5709614126880314,
573,-0.4402236791361356,-0.0710976673206889,0.56,0.35325877362128816,0.5947968897609185,
574,-0.4402236791361356,-0.08897427512535422,0.56,0.35325877362128816,0.6186323668338056,
575,-0.4402236791361356,-0.10685088293001954,0.56,0.35325877362128816,0.6424678439066928,
576,-0.4402236791361356,-0.12472749073468503,0.56,0.35325877362128816,0.66630332097958,
577,-0.4402236791361356,-0.1426040985393504,0.56,0.35325877362128816,0.6901387980524671,
578,-0.4402236791361356,-0.16048070634401568,0.56,0.35325877362128816,0.7139742751253543,
579,-0.4402236791361356,-0.17835731414868106,0.56,0.35325877362128816,0.7378097521982414,
580,-0.4402236791361356,-0.19623392195334644,0.56,0.35325877362128816,0.7616452292711285,
581,-0.4402236791361358,-0.2141105297580117,0.56,0.3532587736212881,0.7854807063440157,
582,-0.4402236791361356,-0.23198713756267708,0.56,0.35325877362128816,0.8093161834169028,
583,-0.4402236791361356,-0.24986374536734246,0.56,0.35325877362128816,0.83315166048979,
584,-0.4402236791361356,-0.26774035317200795,0.56,0.35325877362128816,0.8569871375626772,
585,-0.4402236791361356,-0.2856169609766732,0.56,0.35325877362128816,0.8808226146355643,
586,-0.4402236791361356,-0.3034935687813386,0.56,0.35325877362128816,0.9046580917084515,
587,-0.4402236791361356,-0.32137017658600386,0.56,0.35325877362128816,0.9284935687813385,
588,-0.4402236791361356,-0.33924678439066924,0.56,0.35325877362128816,0.9523290458542257,
589,-0.4402236791361356,-0.3571233921953346,0.56,0.35325877362128816,0.9761645229271129,
590,-0.4402236791361356,-0.375,0.56,0.35325877362128816,1.0,
591,-0.4579637485537986,-0.375,0.56,0.3473454171487338,1.0,
592,-0.47570381797146144,-0.375,0.56,0.34143206067617954,1.0,
593,-0.49344388738912426,-0.375,0.56,0.33551870420362523,1.0,
594,-0.5111839568067873,-0.375,0.56,0.3296053477310709,1.0,
595,-0.5289240262244503,-0.375,0.56,0.32369199125851655,1.0,
596,-0.5466640956421133,-0.375,0.56,0.31777863478596224,1.0,
597,-0.5644041650597762,-0.375,0.56,0.31186527831340793,1.0,
598,-0.5821442344774391,-0.375,0.56,0.3059519218408536,1.0,
599,-0.5998843038951021,-0.375,0.56,0.3000385653682993,1.0,
600,-0.5998843038951021,-0.362410071942446,0.56,0.3000385653682993,0.9832134292565947,
601,-0.5998843038951021,-0.349820143884892,0.56,0.3000385653682993,0.9664268585131893,
602,-0.5998843038951021,-0.3372302158273379,0.56,0.3000385653682993,0.9496402877697839,
603,-0.614670266101041,-0.32755395683453215,0.56,0.29510991129965297,0.9367386091127096,
604,-0.6294562283069801,-0.31787769784172637,0.56,0.29018125723100663,0.9238369304556352,
605,-0.6442421905129193,-0.3082014388489206,0.56,0.28525260316236023,0.9109352517985608,
606,-0.6590281527188584,-0.29852517985611504,0.56,0.2803239490937139,0.8980335731414867,
607,-0.6738141149247974,-0.28884892086330916,0.56,0.27539529502506754,0.8851318944844122,
608,-0.6886000771307363,-0.2791726618705035,0.56,0.2704666409564212,0.872230215827338,
609,-0.7033860393366755,-0.2694964028776977,0.56,0.2655379868877748,0.8593285371702636,
610,-0.7181720015426146,-0.25982014388489194,0.56,0.26060933281912846,0.8464268585131892,
611,-0.7329579637485537,-0.2501438848920863,0.56,0.2556806787504821,0.833525179856115,
612,-0.7477439259544927,-0.2404676258992805,0.56,0.2507520246818358,0.8206235011990407,
613,-0.7625298881604317,-0.23079136690647473,0.56,0.24582337061318943,0.8077218225419662,
614,-0.7773158503663709,-0.22111510791366895,0.56,0.24089471654454303,0.794820143884892,
615,-0.7921018125723099,-0.21143884892086318,0.56,0.2359660624758967,0.7819184652278176,
616,-0.806887774778249,-0.2017625899280573,0.56,0.23103740840725032,0.7690167865707431,
617,-0.8216737369841882,-0.19208633093525163,0.56,0.22610875433860395,0.7561151079136689,
618,-0.8364596991901272,-0.18241007194244585,0.56,0.2211801002699576,0.7432134292565945,
619,-0.8512456613960663,-0.1727338129496402,0.56,0.21625144620131123,0.7303117505995202,
620,-0.8660316236020054,-0.1630575539568344,0.56,0.2113227921326649,0.7174100719424459,
621,-0.8808175858079443,-0.15338129496402875,0.56,0.20639413806401855,0.7045083932853716,
622,-0.8956035480138834,-0.14370503597122286,0.56,0.2014654839953722,0.6916067146282971,
623,-0.9103895102198225,-0.1340287769784172,0.56,0.19653682992672583,0.678705035971223,
624,-0.9251754724257615,-0.12435251798561148,0.56,0.1916081758580795,0.6658033573141486,
625,-0.9399614346317006,-0.1146762589928057,0.56,0.18667952178943314,0.6529016786570743,
626,-0.9547473968376398,-0.10499999999999993,0.56,0.18175086772078675,0.6399999999999999,
627,-0.9695333590435788,-0.09532374100719415,0.56,0.1768222136521404,0.6270983213429255,
628,-0.9843193212495178,-0.08564748201438838,0.56,0.17189355958349406,0.6141966426858512,
629,-0.9991052834554569,-0.07597122302158266,0.56,0.1669649055148477,0.6012949640287769,
630,-1.013891245661396,-0.06629496402877688,0.56,0.16203625144620132,0.5883932853717025,
631,-1.028677207867335,-0.05661870503597122,0.56,0.157107597377555,0.5754916067146283,
632,-1.0434631700732742,-0.04694244604316544,0.56,0.15217894330890863,0.5625899280575539,
633,-1.0582491322792134,-0.03726618705035967,0.56,0.14725028924026226,0.5496882494004796,
634,-1.0730350944851523,-0.027589928057553892,0.56,0.1423216351716159,0.5367865707434052,
635,-1.0878210566910913,-0.017913669064748117,0.56,0.13739298110296955,0.5238848920863308,
636,-1.1026070188970305,-0.008237410071942342,0.56,0.1324643270343232,0.5109832134292565,
637,-1.1173929811029695,0.0014388489208633226,0.56,0.12753567296567686,0.4980815347721822,
638,-1.1321789433089084,0.011115107913669098,0.56,0.12260701889703049,0.4851798561151079,
639,-1.1469649055148476,0.020791366906474817,0.56,0.11767836482838412,0.4722781774580336,
640,-1.1617508677207866,0.030467625899280593,0.56,0.11274971075973778,0.4593764988009592,
641,-1.1765368299267258,0.04014388489208637,0.56,0.1078210566910914,0.44647482014388484,
642,-1.1913227921326648,0.04982014388489209,0.56,0.10289240262244505,0.43357314148681053,
643,-1.206108754338604,0.05949640287769786,0.56,0.09796374855379872,0.4206714628297362,
644,-1.220894716544543,0.06917266187050364,0.56,0.09303509448515235,0.40776978417266185,
645,-1.235680678750482,0.0788489208633093,0.56,0.088106440416506,0.3948681055155876,
646,-1.2504666409564211,0.08852517985611508,0.56,0.08317778634785963,0.38196642685851323,
647,-1.2652526031623603,0.09820143884892085,0.56,0.07824913227921326,0.36906474820143886,
648,-1.2800385653682993,0.10787769784172663,0.56,0.07332047821056692,0.3561630695443645,
649,-1.2948245275742383,0.11755395683453229,0.56,0.06839182414192058,0.34326139088729024,
650,-1.3096104897801775,0.1272302158273381,0.56,0.06346317007327422,0.3303597122302159,
651,-1.3243964519861164,0.13690647482014384,0.56,0.058534516004627855,0.31745803357314156,
652,-1.3391824141920554,0.14658273381294962,0.56,0.0536058619359815,0.3045563549160672,
653,-1.339222309400641,0.12859712230215822,0.56,0.05359256353311968,0.32853717026378904,
654,-1.3392622046092264,0.11061151079136688,0.56,0.05357926513025786,0.3525179856115108,
655,-1.3393020998178118,0.09262589928057552,0.56,0.053565966727396046,0.37649880095923266,
656,-1.3393419950263974,0.07464028776978415,0.56,0.05355266832453423,0.40047961630695444,
657,-1.3393818902349828,0.05665467625899279,0.56,0.053539369921672415,0.4244604316546763,
658,-1.3394217854435682,0.03866906474820142,0.56,0.0535260715188106,0.4484412470023981,
659,-1.3394616806521538,0.020683453237410054,0.56,0.05351277311594878,0.47242206235011996,
660,-1.3395015758607391,0.0026978417266186883,0.56,0.05349947471308697,0.49640287769784175,
661,-1.3395414710693245,-0.015287769784172733,0.56,0.05348617631022515,0.5203836930455636,
662,-1.3395813662779101,-0.033273381294964044,0.56,0.053472877907363325,0.5443645083932854,
663,-1.3396212614864955,-0.05125899280575541,0.56,0.05345957950450152,0.5683453237410072,
664,-1.339661156695081,-0.06924460431654683,0.56,0.05344628110163971,0.5923261390887291,
665,-1.3397010519036663,-0.08723021582733814,0.56,0.05343298269877789,0.6163069544364509,
666,-1.339740947112252,-0.10521582733812951,0.56,0.053419684295916064,0.6402877697841727,
667,-1.3397808423208373,-0.12320143884892093,0.56,0.05340638589305425,0.6642685851318946,
668,-1.3398207375294227,-0.14118705035971224,0.56,0.053393087490192434,0.6882494004796164,
669,-1.339860632738008,-0.1591726618705036,0.56,0.05337978908733061,0.7122302158273381,
670,-1.3399005279465936,-0.17715827338129508,0.56,0.0533664906844688,0.73621103117506,
671,-1.339940423155179,-0.19514388489208634,0.56,0.05335319228160698,0.7601918465227818,
672,-1.3399803183637644,-0.2131294964028777,0.56,0.05333989387874516,0.7841726618705036,
673,-1.34002021357235,-0.23111510791366907,0.56,0.053326595475883344,0.8081534772182254,
674,-1.3400601087809354,-0.24910071942446033,0.56,0.053313297073021536,0.8321342925659472,
675,-1.3401000039895208,-0.2670863309352518,0.56,0.05329999867015972,0.8561151079136691,
676,-1.3401398991981064,-0.28507194244604317,0.56,0.0532867002672979,0.8800959232613909,
677,-1.3401797944066918,-0.30305755395683454,0.56,0.05327340186443608,0.9040767386091126,
678,-1.3402196896152772,-0.3210431654676259,0.56,0.05326010346157427,0.9280575539568345,
679,-1.3402595848238628,-0.33902877697841727,0.56,0.053246805058712446,0.9520383693045563,
680,-1.3402994800324481,-0.35701438848920863,0.56,0.05323350665585063,0.9760191846522782,
681,-1.3403393752410335,-0.375,0.56,0.053220208252988815,1.0,
682,-1.3580794446586966,-0.375,0.56,0.0473068517804345,1.0,
683,-1.3758195140763594,-0.375,0.56,0.04139349530788019,1.0,
684,-1.3935595834940224,-0.375,0.56,0.03548013883532588,1.0,
685,-1.4112996529116852,-0.375,0.56,0.029566782362771566,1.0,
686,-1.4290397223293483,-0.375,0.56,0.02365342589021725,1.0,
687,-1.446779791747011,-0.375,0.56,0.01774006941766294,1.0,
688,-1.4645198611646741,-0.375,0.56,0.011826712945108625,1.0,
689,-1.482259930582337,-0.375,0.56,0.005913356472554316,1.0,
690,-1.5,-0.375,0.56,0.0,1.0,start/end
