idx,ee_x,ee_y,ee_z
0,-0.6,-0.15,0.56
1,-0.6,-0.1323529411764706,0.56
2,-0.6,-0.11470588235294119,0.56
3,-0.6,-0.09705882352941175,0.56
4,-0.6,-0.07941176470588232,0.56
5,-0.6,-0.061764705882352916,0.56
6,-0.6,-0.04411764705882351,0.56
7,-0.6,-0.026470588235294135,0.56
8,-0.6,-0.008823529411764702,0.56
9,-0.6,0.008823529411764702,0.56
10,-0.6,0.02647058823529412,0.56
11,-0.6,0.04411764705882354,0.56
12,-0.6,0.06176470588235296,0.56
13,-0.6,0.07941176470588233,0.56
14,-0.6,0.09705882352941175,0.56
15,-0.6,0.11470588235294116,0.56
16,-0.6,0.1323529411764706,0.56
17,-0.6,0.15,0.56
18,-0.5840339375241034,0.15,0.56
19,-0.5680678750482067,0.15,0.56
20,-0.5521018125723101,0.15,0.56
21,-0.5361357500964135,0.15,0.56
22,-0.5342846124180486,0.13381294964028778,0.56
23,-0.5195912070960277,0.12419064748201439,0.56
24,-0.5048978017740069,0.11456834532374101,0.56
25,-0.49020439645198605,0.10494604316546763,0.56
26,-0.4755109911299652,0.09532374100719425,0.56
27,-0.4608175858079444,0.08570143884892087,0.56
28,-0.4461241804859236,0.0760791366906475,0.56
29,-0.4314307751639027,0.06645683453237412,0.56
30,-0.4167373698418819,0.05683453237410073,0.56
31,-0.402043964519861,0.047212230215827364,0.56
32,-0.3873505591978402,0.03758992805755397,0.56
33,-0.37265715387581944,0.02796762589928059,0.56
34,-0.35796374855379853,0.018345323741007225,0.56
35,-0.34327034323177774,0.008723021582733831,0.56
36,-0.32857693790975695,-0.000899280575539535,0.56
37,-0.3138835325877361,-0.010521582733812929,0.56
38,-0.29919012726571526,-0.02014388489208635,0.56
39,-0.2844967219436944,-0.02976618705035966,0.56
40,-0.26980331662167356,-0.039388489208633054,0.56
41,-0.2551099112996528,-0.04901079136690645,0.56
42,-0.24041650597763192,-0.058633093525179814,0.56
43,-0.2403779406093327,-0.04124700239808149,0.56
44,-0.24033937524103338,-0.02386091127098322,0.56
45,-0.2403008098727341,-0.006474820143884841,0.56
46,-0.2402622445044349,0.010911270983213428,0.56
47,-0.24022367913613568,0.02829736211031178,0.56
48,-0.24018511376783636,0.04568345323741009,0.56
49,-0.24014654839953709,0.06306954436450841,0.56
50,-0.24010798303123787,0.08045563549160671,0.56
51,-0.2400694176629386,0.09784172661870505,0.56
52,-0.24003085229463927,0.11522781774580337,0.56
53,-0.23999228692634011,0.13261390887290167,0.56
54,-0.2399537215580408,0.15,0.56
55,-0.22245055368850197,0.15,0.56
56,-0.2049473858189631,0.15,0.56
57,-0.18744421794942417,0.15,0.56
58,-0.16994105007988536,0.15,0.56
59,-0.1524378822103465,0.15,0.56
60,-0.13493471434080762,0.15,0.56
61,-0.11743154647126874,0.15,0.56
62,-0.09992837860172998,0.15,0.56
63,-0.082425210732191,0.15,0.56
64,-0.06492204286265224,0.15,0.56
65,-0.04741887499311326,0.15,0.56
66,-0.029915707123574498,0.15,0.56
67,-0.012412539254035515,0.15,0.56
68,0.005090628615503245,0.15,0.56
69,0.022593796485042228,0.15,0.56
70,0.04009696435458099,0.15,0.56
71,0.05760013222411986,0.15,0.56
72,0.07510330009365873,0.15,0.56
73,0.0926064679631976,0.15,0.56
74,0.11010963583273636,0.15,0.56
75,0.12761280370227523,0.15,0.56
76,0.14511597157181433,0.15,0.56
77,0.1626191394413531,0.15,0.56
78,0.18012230731089196,0.15,0.56
79,0.19762547518043083,0.15,0.56
80,0.2151286430499697,0.15,0.56
81,0.23263181091950846,0.15,0.56
82,0.25013497878904745,0.15,0.56
83,0.2501735441573466,0.13270383693045562,0.56
84,0.2502121095256461,0.11540767386091128,0.56
85,0.25025067489394526,0.0981115107913669,0.56
86,0.25028924026224453,0.08081534772182256,0.56
87,0.2503278056305438,0.06351918465227817,0.56
88,0.25036637099884307,0.04622302158273382,0.56
89,0.25040493636714234,0.028926858513189463,0.56
90,0.2504435017354417,0.011630695443645117,0.56
91,0.250482067103741,-0.005665467625899284,0.56
92,0.25052063247204015,-0.022961630695443658,0.56
93,0.25055919784033953,-0.040257793764987976,0.56
94,0.2505977632086388,-0.05755395683453235,0.56
95,0.2584650983416893,-0.06330935251798558,0.56
96,0.2663324334747398,-0.06906474820143882,0.56
97,0.27952178943308914,-0.0730215827338129,0.56
98,0.2927111453914386,-0.07697841726618701,0.56
99,0.3070574623987661,-0.079136690647482,0.56
100,0.32140377940609344,-0.08129496402877692,0.56
101,0.3357500964134208,-0.08345323741007188,0.56
102,0.35040493636714254,-0.08429256594724219,0.56
103,0.36505977632086417,-0.08513189448441241,0.56
104,0.3797146162745856,-0.0859712230215827,0.56
105,0.39714616274585446,-0.08561151079136689,0.56
106,0.4145777092171231,-0.08525179856115103,0.56
107,0.43200925568839177,-0.08489208633093523,0.56
108,0.44805244890088713,-0.0830935251798561,0.56
109,0.4640956421133823,-0.08129496402877692,0.56
110,0.4801388353258774,-0.07949640287769777,0.56
111,0.4970304666409565,-0.07535971223021576,0.56
112,0.5139220979560356,-0.07122302158273378,0.56
113,0.5234091785576555,-0.0660071942446043,0.56
114,0.5328962591592753,-0.0607913669064748,0.56
115,0.5361357500964136,-0.05395683453237404,0.56
116,0.5361357500964136,-0.03696043165467619,0.56
117,0.5361357500964136,-0.019964028776978365,0.56
118,0.5361357500964136,-0.0029676258992805127,0.56
119,0.5361357500964138,0.014028776978417284,0.56
120,0.5361357500964133,0.031025179856115165,0.56
121,0.5361357500964136,0.048021582733812976,0.56
122,0.5361357500964136,0.06501798561151081,0.56
123,0.5361357500964136,0.08201438848920864,0.56
124,0.5361357500964136,0.09901079136690649,0.56
125,0.5361357500964136,0.11600719424460433,0.56
126,0.5361357500964136,0.13300359712230214,0.56
127,0.5361357500964136,0.15,0.56
128,0.5521018125723102,0.15,0.56
129,0.5680678750482068,0.15,0.56
130,0.5840339375241034,0.15,0.56
131,0.6,0.15,0.56
132,0.6,0.1327338129496403,0.56
133,0.6,0.11546762589928058,0.56
134,0.6,0.09820143884892088,0.56
135,0.6,0.08093525179856118,0.56
136,0.6,0.06366906474820146,0.56
137,0.6,0.04640287769784175,0.56
138,0.6,0.029136690647482033,0.56
139,0.6,0.011870503597122356,0.56
140,0.6,-0.0053956834532373765,0.56
141,0.6,-0.02266187050359708,0.56
142,0.6,-0.039928057553956786,0.56
143,0.6,-0.05719424460431649,0.56
144,0.5967605090628617,-0.07122302158273378,0.56
145,0.5898187427689935,-0.08183453237410068,0.56
146,0.5828769764751255,-0.09244604316546759,0.56
147,0.5706131893559584,-0.10215827338129493,0.56
148,0.5583494022367913,-0.11187050359712222,0.56
149,0.5469340532202084,-0.11738609112709827,0.56
150,0.5355187042036255,-0.12290167865707427,0.56
151,0.5241033551870423,-0.12841726618705027,0.56
152,0.5112996529116857,-0.13225419664268576,0.56
153,0.4984959506363288,-0.13609112709832125,0.56
154,0.4856922483609719,-0.13992805755395674,0.56
155,0.46903200925568844,-0.14298561151079128,0.56
156,0.4523717701504052,-0.14604316546762583,0.56
157,0.43848823756266897,-0.14748201438848915,0.56
158,0.42460470497493275,-0.14892086330935242,0.56
159,0.411646741226379,-0.14928057553956828,0.56
160,0.39868877747782483,-0.14964028776978414,0.56
161,0.3857308137292711,-0.15,0.56
162,0.3711531045121481,-0.14928057553956833,0.56
163,0.35657539529502513,-0.14856115107913662,0.56
164,0.3438488237562669,-0.14712230215827335,0.56
165,0.3311222522175087,-0.14568345323740997,0.56
166,0.31492479753181657,-0.14262589928057548,0.56
167,0.29872734284612434,-0.139568345323741,0.56
168,0.2832240647898189,-0.13507194244604312,0.56
169,0.2677207867335134,-0.13057553956834525,0.56
170,0.2540686463555727,-0.12482014388489202,0.56
171,0.2404165059776322,-0.11906474820143878,0.56
172,0.22853837254145792,-0.11079136690647481,0.56
173,0.21666023910528354,-0.10251798561151074,0.56
174,0.20478210566910926,-0.09424460431654672,0.56
175,0.1962205939066719,-0.08057553956834529,0.56
176,0.18765908214423455,-0.06690647482014386,0.56
177,0.1874534001799718,-0.04992006394884088,0.56
178,0.18724771821570907,-0.03293365307753793,0.56
179,0.18704203625144633,-0.01594724220623503,0.56
180,0.18683635428718348,0.0010391686650679521,0.56
181,0.18663067232292074,0.018025579536370934,0.56
182,0.186424990358658,0.035011990407673874,0.56
183,0.18621930839439538,0.05199840127897683,0.56
184,0.18601362643013253,0.06898481215027978,0.56
185,0.1858079444658698,0.08597122302158273,0.56
186,0.1682735570124696,0.08597122302158273,0.56
187,0.15073916955906952,0.08597122302158273,0.56
188,0.13320478210566933,0.08597122302158273,0.56
189,0.11567039465226903,0.08597122302158273,0.56
190,0.09813600719886895,0.08597122302158273,0.56
191,0.08060161974546864,0.08597122302158275,0.56
192,0.06306723229206856,0.08597122302158273,0.56
193,0.045532844838668374,0.08597122302158273,0.56
194,0.027998457385268183,0.08597122302158273,0.56
195,0.027998457385268183,0.06911613566289827,0.56
196,0.027998457385268183,0.05226104830421377,0.56
197,0.027998457385268183,0.035405960945529294,0.56
198,0.027998457385268183,0.018550873586844818,0.56
199,0.027998457385268183,0.0016957862281603286,0.56
200,0.027998457385268183,-0.015159301130524133,0.56
201,0.027998457385268183,-0.03201438848920862,0.56
202,0.027998457385268183,-0.048869475847893085,0.56
203,0.027998457385268183,-0.0657245632065776,0.56
204,0.027998457385268183,-0.08257965056526209,0.56
205,0.027998457385268183,-0.09943473792394655,0.56
206,0.027998457385268183,-0.11628982528263102,0.56
207,0.027998457385268183,-0.13314491264131553,0.56
208,0.027998457385268183,-0.15,0.56
209,0.01203239490937158,-0.15,0.56
210,-0.003933667566525134,-0.15,0.56
211,-0.019899730042421848,-0.15,0.56
212,-0.03586579251831856,-0.15,0.56
213,-0.03586579251831856,-0.13314491264131553,0.56
214,-0.03586579251831845,-0.11628982528263102,0.56
215,-0.03586579251831856,-0.09943473792394655,0.56
216,-0.03586579251831856,-0.08257965056526209,0.56
217,-0.03586579251831856,-0.06572456320657755,0.56
218,-0.03586579251831856,-0.048869475847893085,0.56
219,-0.03586579251831856,-0.03201438848920862,0.56
220,-0.03586579251831856,-0.015159301130524161,0.56
221,-0.03586579251831856,0.0016957862281603564,0.56
222,-0.03586579251831856,0.018550873586844818,0.56
223,-0.03586579251831856,0.03540596094552928,0.56
224,-0.03586579251831856,0.05226104830421377,0.56
225,-0.03586579251831856,0.06911613566289827,0.56
226,-0.03586579251831856,0.08597122302158273,0.56
227,-0.05339375241033539,0.08597122302158273,0.56
228,-0.07092171230235245,0.08597122302158273,0.56
229,-0.08844967219436939,0.08597122302158275,0.56
230,-0.10597763208638633,0.08597122302158273,0.56
231,-0.12350559197840333,0.08597122302158275,0.56
232,-0.14103355187042033,0.08597122302158273,0.56
233,-0.1585615117624372,0.08597122302158273,0.56
234,-0.1760894716544542,0.08597122302158273,0.56
235,-0.17608947165445415,0.06911613566289827,0.56
236,-0.1760894716544542,0.05226104830421377,0.56
237,-0.17608947165445427,0.035405960945529294,0.56
238,-0.1760894716544542,0.018550873586844818,0.56
239,-0.17608947165445427,0.0016957862281603286,0.56
240,-0.1760894716544542,-0.015159301130524133,0.56
241,-0.1760894716544542,-0.03201438848920862,0.56
242,-0.1760894716544542,-0.048869475847893085,0.56
243,-0.1760894716544542,-0.0657245632065776,0.56
244,-0.1760894716544542,-0.08257965056526209,0.56
245,-0.17608947165445427,-0.09943473792394655,0.56
246,-0.1760894716544542,-0.11628982528263102,0.56
247,-0.1760894716544542,-0.13314491264131553,0.56
248,-0.1760894716544542,-0.15,0.56
249,-0.19205553413035087,-0.15,0.56
250,-0.20802159660624747,-0.15,0.56
251,-0.22398765908214413,-0.15,0.56
252,-0.2399537215580408,-0.15,0.56
253,-0.2399537215580408,-0.13489208633093516,0.56
254,-0.2547396837639799,-0.12521582733812944,0.56
255,-0.26952564596991896,-0.11553956834532367,0.56
256,-0.28431160817585804,-0.10586330935251789,0.56
257,-0.2990975703817971,-0.0961870503597122,0.56
258,-0.31388353258773616,-0.0865107913669064,0.56
259,-0.32866949479367524,-0.07683453237410065,0.56
260,-0.34345545699961433,-0.06715827338129496,0.56
261,-0.35824141920555336,-0.057482014388489155,0.56
262,-0.3730273814114924,-0.047805755395683436,0.56
263,-0.38781334361743147,-0.03812949640287766,0.56
264,-0.40259930582337056,-0.028453237410071885,0.56
265,-0.41738526802930964,-0.018776978417266166,0.56
266,-0.4321712302352487,-0.00910071942446039,0.56
267,-0.44695719244118776,0.000575539568345329,0.56
268,-0.46174315464712684,0.010251798561151076,0.56
269,-0.4765291168530659,0.01992805755395685,0.56
270,-0.49131507905900496,0.029604316546762585,0.56
271,-0.506101041264944,0.03928057553956833,0.56
272,-0.5208870034708831,0.04895683453237408,0.56
273,-0.5356729656768222,0.05863309352517984,0.56
274,-0.5357115310451215,0.04124700239808153,0.56
275,-0.5357500964134208,0.02386091127098322,0.56
276,-0.53578866178172,0.006474820143884896,0.56
277,-0.5358272271500193,-0.010911270983213428,0.56
278,-0.5358657925183186,-0.028297362110311752,0.56
279,-0.5359043578866178,-0.04568345323741008,0.56
280,-0.5359429232549171,-0.0630695443645084,0.56
281,-0.5359814886232164,-0.0804556354916067,0.56
282,-0.5360200539915156,-0.09784172661870502,0.56
283,-0.5360586193598149,-0.11522781774580335,0.56
284,-0.5360971847281142,-0.13261390887290167,0.56
285,-0.5361357500964135,-0.15,0.56
286,-0.5521018125723101,-0.15,0.56
287,-0.5680678750482067,-0.15,0.56
288,-0.5840339375241034,-0.15,0.56
289,-0.6,-0.15,0.56
