t,base_x,base_y,base_yaw,openrave_model_yaw,ee_x,ee_y,ee_z
0.0,-0.55,-0.4,1.5707963267948966,-1.5707963267948966,-0.6,-0.15,0.56
0.1,-0.55,-0.4,1.5707963267948966,-1.5707963267948966,-0.6,-0.14037025535606726,0.56
0.2,-0.5500000000000002,-0.4,1.5707963267948966,-1.5707963267948966,-0.6000000000000001,-0.13074051071213458,0.56
0.3,-0.55,-0.4,1.5707963267948966,-1.5707963267948966,-0.6,-0.12111076606820186,0.56
0.4,-0.55,-0.4,1.5707963267948966,-1.5707963267948966,-0.6,-0.11148102142426913,0.56
0.5,-0.55,-0.4000000000000001,1.5707963267948966,-1.5707963267948966,-0.6,-0.1018512767803364,0.56
0.6,-0.55,-0.4,1.5707963267948966,-1.5707963267948966,-0.6,-0.09222153213640369,0.56
0.7000000000000001,-0.55,-0.4,1.5707963267948966,-1.5707963267948966,-0.6,-0.08259178749247097,0.56
0.8,-0.55,-0.39999999999999997,1.5707963267948966,-1.5707963267948966,-0.6,-0.07296204284853824,0.56
0.8999999999999999,-0.55,-0.4,1.5707963267948966,-1.5707963267948966,-0.6,-0.06333229820460554,0.56
1.0,-0.55,-0.4,1.5707963267948966,-1.5707963267948966,-0.6,-0.053702553560672814,0.56
1.1,-0.55,-0.4,1.5707963267948966,-1.5707963267948966,-0.6000000000000001,-0.044072808916740105,0.56
1.2,-0.55,-0.4,1.5707963267948966,-1.5707963267948966,-0.6,-0.03444306427280738,0.56
1.3,-0.55,-0.4,1.5707963267948966,-1.5707963267948966,-0.6,-0.02481331962887466,0.56
1.4000000000000001,-0.55,-0.4,1.5707963267948966,-1.5707963267948966,-0.6,-0.015183574984941932,0.56
1.5,-0.55,-0.4,1.5707963267948966,-1.5707963267948966,-0.6,-0.0055538303410092305,0.56
1.6,-0.55,-0.4,1.5707963267948966,-1.5707963267948966,-0.6,0.004075914302923492,0.56
1.7000000000000002,-0.55,-0.4,1.5707963267948966,-1.5707963267948966,-0.6,0.013705658946856214,0.56
1.7999999999999998,-0.55,-0.4,1.5707963267948966,-1.5707963267948966,-0.6,0.023335403590788915,0.56
1.9,-0.55,-0.4,1.5707963267948966,-1.5707963267948966,-0.6,0.03296514823472165,0.56
2.0,-0.55,-0.4,1.5707963267948966,-1.5707963267948966,-0.6,0.042594892878654374,0.56
2.1,-0.55,-0.4,1.5707963267948966,-1.5707963267948966,-0.6,0.05222463752258706,0.56
2.2,-0.55,-0.4,1.5707963267948966,-1.5707963267948966,-0.6,0.0618543821665198,0.56
2.3000000000000003,-0.55,-0.4,1.5707963267948966,-1.5707963267948966,-0.6,0.07148412681045252,0.56
2.4,-0.55,-0.4,1.5707963267948966,-1.5707963267948966,-0.6,0.08111387145438523,0.56
2.5,-0.55,-0.4,1.5707963267948966,-1.5707963267948966,-0.6,0.09074361609831795,0.56
2.6,-0.545,-0.4,1.5707963267948966,-1.5707963267948966,-0.593980559289873,0.0902458323947697,0.56
2.7,-0.5400000000000001,-0.4,1.5707963267948966,-1.5707963267948966,-0.5879611185797462,0.08974804869122147,0.56
2.8,-0.535,-0.4,1.5707963267948966,-1.5707963267948966,-0.5819416778696191,0.08925026498767322,0.56
2.9,-0.53,-0.4,1.5707963267948966,-1.5707963267948966,-0.5759222371594922,0.08875248128412495,0.56
3.0,-0.5250000000000001,-0.4000000000000001,1.5707963267948966,-1.5707963267948966,-0.5699027964493653,0.08825469758057672,0.56
3.1,-0.52,-0.4,1.5707963267948966,-1.5707963267948966,-0.5638833557392383,0.08775691387702847,0.56
3.2,-0.515,-0.4,1.5707963267948966,-1.5707963267948966,-0.5578639150291114,0.08725913017348022,0.56
3.3,-0.51,-0.39999999999999997,1.5707963267948966,-1.5707963267948966,-0.5518444743189844,0.08676134646993197,0.56
3.4,-0.505,-0.4,1.5707963267948966,-1.5707963267948966,-0.5458250336088575,0.08626356276638372,0.56
3.5,-0.5,-0.4,1.5707963267948966,-1.5707963267948966,-0.5398055928987305,0.08576577906283547,0.56
3.6,-0.4950000000000001,-0.4,1.5707963267948966,-1.5707963267948966,-0.5337861521886036,0.08526799535928724,0.56
3.7,-0.49000000000000005,-0.4,1.5707963267948966,-1.5707963267948966,-0.5277667114784766,0.08477021165573899,0.56
3.8,-0.48500000000000004,-0.4,1.5707963267948966,-1.5707963267948966,-0.5217472707683497,0.08427242795219074,0.56
3.9000000000000004,-0.48000000000000004,-0.4,1.5707963267948966,-1.5707963267948966,-0.5157278300582228,0.08377464424864249,0.56
4.0,-0.47500000000000003,-0.4,1.5707963267948966,-1.5707963267948966,-0.5097083893480958,0.08327686054509426,0.56
4.1,-0.47000000000000003,-0.4,1.5707963267948966,-1.5707963267948966,-0.5036889486379689,0.082779076841546,0.56
4.2,-0.465,-0.4,1.5707963267948966,-1.5707963267948966,-0.4976695079278419,0.08228129313799776,0.56
4.3,-0.46,-0.4,1.5707963267948966,-1.5707963267948966,-0.491650067217715,0.08178350943444951,0.56
4.4,-0.45500000000000007,-0.4,1.5707963267948966,-1.5707963267948966,-0.48563062650758804,0.08128572573090126,0.56
4.5,-0.45000000000000007,-0.4,1.5707963267948966,-1.5707963267948966,-0.4796111857974611,0.08078794202735301,0.56
4.6,-0.44500000000000006,-0.4,1.5707963267948966,-1.5707963267948966,-0.47359174508733415,0.08029015832380476,0.56
4.7,-0.44000000000000006,-0.4,1.5707963267948966,-1.5707963267948966,-0.4675723043772072,0.07979237462025651,0.56
4.800000000000001,-0.43500000000000005,-0.4,1.5707963267948966,-1.5707963267948966,-0.46155286366708026,0.07929459091670828,0.56
4.9,-0.43000000000000005,-0.4,1.5707963267948966,-1.5707963267948966,-0.4555334229569533,0.07879680721316003,0.56
5.0,-0.42500000000000004,-0.4,1.5707963267948966,-1.5707963267948966,-0.44951398224682637,0.07829902350961178,0.56
5.1,-0.42000000000000004,-0.405,1.5707963267948966,-1.5707963267948966,-0.4414579665546627,0.07302336306991669,0.56
5.2,-0.4150000000000001,-0.41000000000000003,1.5707963267948966,-1.5707963267948966,-0.43340195086249905,0.0677477026302216,0.56
5.3,-0.41000000000000003,-0.41500000000000004,1.5707963267948966,-1.5707963267948966,-0.42534593517033537,0.06247204219052651,0.56
5.4,-0.405,-0.42000000000000004,1.5707963267948966,-1.5707963267948966,-0.41728991947817173,0.05719638175083143,0.56
5.5,-0.4000000000000001,-0.42500000000000004,1.5707963267948966,-1.5707963267948966,-0.4092339037860081,0.05192072131113634,0.56
5.6,-0.3950000000000001,-0.43000000000000005,1.5707963267948966,-1.5707963267948966,-0.4011778880938444,0.046645060871441255,0.56
5.7,-0.39,-0.435,1.5707963267948966,-1.5707963267948966,-0.3931218724016808,0.04136940043174615,0.56
5.8,-0.385,-0.43999999999999995,1.5707963267948966,-1.5707963267948966,-0.3850658567095171,0.036093739992051066,0.56
5.9,-0.38,-0.445,1.5707963267948966,-1.5707963267948966,-0.37700984101735346,0.03081807955235599,0.56
6.0,-0.375,-0.45,1.5707963267948966,-1.5707963267948966,-0.36895382532518983,0.025542419112660898,0.56
6.1,-0.3700000000000001,-0.45500000000000007,1.5707963267948966,-1.5707963267948966,-0.3608978096330262,0.020266758672965814,0.56
6.2,-0.36500000000000005,-0.46,1.5707963267948966,-1.5707963267948966,-0.3528417939408625,0.014991098233270723,0.56
6.3,-0.36000000000000004,-0.465,1.5707963267948966,-1.5707963267948966,-0.3447857782486988,0.009715437793575636,0.56
6.4,-0.35500000000000004,-0.47000000000000003,1.5707963267948966,-1.5707963267948966,-0.3367297625565352,0.004439777353880542,0.56
6.5,-0.3500000000000001,-0.47500000000000003,1.5707963267948966,-1.5707963267948966,-0.32867374686437156,-0.0008358830858145386,0.56
6.6,-0.34500000000000003,-0.48,1.5707963267948966,-1.5707963267948966,-0.3206177311722079,-0.006111543525509633,0.56
6.7,-0.34,-0.485,1.5707963267948966,-1.5707963267948966,-0.3125617154800442,-0.011387203965204724,0.56
6.8,-0.3350000000000001,-0.49,1.5707963267948966,-1.5707963267948966,-0.30450569978788056,-0.016662864404899804,0.56
6.9,-0.33000000000000007,-0.495,1.5707963267948966,-1.5707963267948966,-0.2964496840957169,-0.021938524844594888,0.56
7.0,-0.32500000000000007,-0.5,1.5707963267948966,-1.5707963267948966,-0.28839366840355324,-0.027214185284289982,0.56
7.1,-0.32,-0.505,1.5707963267948966,-1.5707963267948966,-0.2803376527113896,-0.03248984572398506,0.56
7.2,-0.31500000000000006,-0.51,1.5707963267948966,-1.5707963267948966,-0.2722816370192259,-0.03776550616368016,0.56
7.300000000000001,-0.31000000000000005,-0.515,1.5707963267948966,-1.5707963267948966,-0.2642256213270623,-0.043041166603375244,0.56
7.4,-0.30500000000000005,-0.52,1.5707963267948966,-1.5707963267948966,-0.2561696056348986,-0.048316827043070325,0.56
7.5,-0.30000000000000004,-0.525,1.5707963267948966,-1.5707963267948966,-0.24811358994273497,-0.05359248748276542,0.56
7.6,-0.29500000000000004,-0.52,1.5707963267948966,-1.5707963267948966,-0.24687082268371993,-0.0454487879834548,0.56
7.7,-0.2900000000000001,-0.515,1.5707963267948966,-1.5707963267948966,-0.24562805542470492,-0.03730508848414418,0.56
7.8,-0.2850000000000001,-0.51,1.5707963267948966,-1.5707963267948966,-0.24438528816568988,-0.02916138898483357,0.56
7.9,-0.28,-0.505,1.5707963267948966,-1.5707963267948966,-0.24314252090667485,-0.021017689485522947,0.56
8.0,-0.2750000000000001,-0.5,1.5707963267948966,-1.5707963267948966,-0.24189975364765987,-0.012873989986212336,0.56
8.1,-0.27,-0.495,1.5707963267948966,-1.5707963267948966,-0.2406569863886448,-0.0047302904869017184,0.56
8.2,-0.265,-0.49,1.5707963267948966,-1.5707963267948966,-0.2394142191296298,0.0034134090124088995,0.56
8.3,-0.26,-0.485,1.5707963267948966,-1.5707963267948966,-0.23817145187061473,0.011557108511719517,0.56
8.4,-0.25500000000000006,-0.48,1.5707963267948966,-1.5707963267948966,-0.23692868461159972,0.01970080801103013,0.56
8.5,-0.25000000000000006,-0.47500000000000003,1.5707963267948966,-1.5707963267948966,-0.2356859173525847,0.027844507510340746,0.56
8.6,-0.24500000000000005,-0.4700000000000001,1.5707963267948966,-1.5707963267948966,-0.2344431500935697,0.035988207009651364,0.56
8.7,-0.24000000000000005,-0.465,1.5707963267948966,-1.5707963267948966,-0.23320038283455463,0.044131906508961975,0.56
8.8,-0.23500000000000004,-0.46,1.5707963267948966,-1.5707963267948966,-0.23195761557553962,0.0522756060082726,0.56
8.9,-0.23000000000000004,-0.455,1.5707963267948966,-1.5707963267948966,-0.23071484831652458,0.060419305507583225,0.56
9.0,-0.22500000000000003,-0.45,1.5707963267948966,-1.5707963267948966,-0.22947208105750955,0.06856300500689383,0.56
9.1,-0.22000000000000003,-0.445,1.5707963267948966,-1.5707963267948966,-0.22822931379849454,0.07670670450620445,0.56
9.2,-0.21500000000000002,-0.44,1.5707963267948966,-1.5707963267948966,-0.2269865465394795,0.08485040400551508,0.56
9.3,-0.21000000000000005,-0.435,1.5707963267948966,-1.5707963267948966,-0.22574377928046446,0.09299410350482568,0.56
9.4,-0.20500000000000004,-0.43000000000000005,1.5707963267948966,-1.5707963267948966,-0.22450101202144945,0.10113780300413629,0.56
9.5,-0.20000000000000004,-0.42500000000000004,1.5707963267948966,-1.5707963267948966,-0.22325824476243442,0.10928150250344691,0.56
9.6,-0.19500000000000003,-0.42000000000000004,1.5707963267948966,-1.5707963267948966,-0.22201547750341938,0.11742520200275754,0.56
9.7,-0.19000000000000006,-0.41500000000000004,1.5707963267948966,-1.5707963267948966,-0.22077271024440437,0.12556890150206815,0.56
9.8,-0.18500000000000005,-0.41000000000000003,1.5707963267948966,-1.5707963267948966,-0.21952994298538933,0.13371260100137877,0.56
9.9,-0.18000000000000005,-0.405,1.5707963267948966,-1.5707963267948966,-0.21828717572637432,0.14185630050068937,0.56
10.0,-0.17500000000000004,-0.4,1.5707963267948966,-1.5707963267948966,-0.21704440846735928,0.15,0.56
10.1,-0.16500000000000004,-0.4,1.5707963267948966,-1.5707963267948966,-0.20741466382342655,0.15,0.56
10.2,-0.15500000000000005,-0.4,1.5707963267948966,-1.5707963267948966,-0.19778491917949384,0.15000000000000002,0.56
10.3,-0.14500000000000007,-0.4,1.5707963267948966,-1.5707963267948966,-0.1881551745355611,0.15,0.56
10.4,-0.13500000000000004,-0.4,1.5707963267948966,-1.5707963267948966,-0.1785254298916284,0.15,0.56
10.5,-0.12500000000000006,-0.4000000000000001,1.5707963267948966,-1.5707963267948966,-0.1688956852476957,0.15,0.56
10.6,-0.11500000000000005,-0.4,1.5707963267948966,-1.5707963267948966,-0.15926594060376295,0.15,0.56
10.7,-0.10500000000000004,-0.4,1.5707963267948966,-1.5707963267948966,-0.14963619595983021,0.15,0.56
10.8,-0.09500000000000003,-0.39999999999999997,1.5707963267948966,-1.5707963267948966,-0.14000645131589748,0.15,0.56
10.9,-0.08500000000000005,-0.4,1.5707963267948966,-1.5707963267948966,-0.13037670667196477,0.15,0.56
11.0,-0.07500000000000004,-0.4,1.5707963267948966,-1.5707963267948966,-0.12074696202803205,0.15,0.56
11.1,-0.06500000000000006,-0.4,1.5707963267948966,-1.5707963267948966,-0.11111721738409935,0.15000000000000002,0.56
11.2,-0.05500000000000005,-0.4,1.5707963267948966,-1.5707963267948966,-0.10148747274016662,0.15,0.56
11.3,-0.04500000000000004,-0.4,1.5707963267948966,-1.5707963267948966,-0.09185772809623388,0.15,0.56
11.4,-0.03500000000000003,-0.4,1.5707963267948966,-1.5707963267948966,-0.08222798345230115,0.15,0.56
11.5,-0.02500000000000005,-0.4,1.5707963267948966,-1.5707963267948966,-0.07259823880836845,0.15,0.56
11.6,-0.015000000000000041,-0.4,1.5707963267948966,-1.5707963267948966,-0.06296849416443571,0.15,0.56
11.7,-0.005000000000000032,-0.4,1.5707963267948966,-1.5707963267948966,-0.05333874952050298,0.15,0.56
11.8,0.004999999999999949,-0.4,1.5707963267948966,-1.5707963267948966,-0.043709004876570284,0.15,0.56
11.9,0.014999999999999958,-0.4,1.5707963267948966,-1.5707963267948966,-0.03407926023263755,0.15,0.56
12.0,0.024999999999999967,-0.4,1.5707963267948966,-1.5707963267948966,-0.024449515588704816,0.15,0.56
12.1,0.03499999999999995,-0.4,1.5707963267948966,-1.5707963267948966,-0.014819770944772114,0.15,0.56
12.2,0.04499999999999996,-0.4,1.5707963267948966,-1.5707963267948966,-0.0051900263008393815,0.15,0.56
12.3,0.054999999999999966,-0.4,1.5707963267948966,-1.5707963267948966,0.004439718343093351,0.15,0.56
12.4,0.06499999999999995,-0.4,1.5707963267948966,-1.5707963267948966,0.014069462987026054,0.15,0.56
12.5,0.07499999999999996,-0.4,1.5707963267948966,-1.5707963267948966,0.023699207630958785,0.15,0.56
12.6,0.07999999999999995,-0.4,1.5707963267948966,-1.5707963267948966,0.032757914565940474,0.14942768762504066,0.56
12.7,0.08499999999999996,-0.4,1.5707963267948966,-1.5707963267948966,0.04181662150092217,0.14885537525008133,0.56
12.8,0.08999999999999996,-0.4,1.5707963267948966,-1.5707963267948966,0.05087532843590385,0.148283062875122,0.56
12.9,0.09499999999999995,-0.4,1.5707963267948966,-1.5707963267948966,0.059934035370885555,0.14771075050016266,0.56
13.0,0.09999999999999996,-0.4000000000000001,1.5707963267948966,-1.5707963267948966,0.06899274230586724,0.14713843812520333,0.56
13.1,0.10499999999999995,-0.4,1.5707963267948966,-1.5707963267948966,0.07805144924084892,0.14656612575024397,0.56
13.2,0.10999999999999996,-0.4,1.5707963267948966,-1.5707963267948966,0.08711015617583062,0.14599381337528466,0.56
13.3,0.11499999999999995,-0.39999999999999997,1.5707963267948966,-1.5707963267948966,0.09616886311081232,0.1454215010003253,0.56
13.4,0.11999999999999995,-0.4,1.5707963267948966,-1.5707963267948966,0.105227570045794,0.144849188625366,0.56
13.5,0.12499999999999996,-0.4,1.5707963267948966,-1.5707963267948966,0.11428627698077569,0.14427687625040664,0.56
13.6,0.12999999999999995,-0.4,1.5707963267948966,-1.5707963267948966,0.12334498391575739,0.14370456387544733,0.56
13.7,0.13499999999999995,-0.4,1.5707963267948966,-1.5707963267948966,0.13240369085073905,0.14313225150048797,0.56
13.8,0.13999999999999996,-0.4,1.5707963267948966,-1.5707963267948966,0.14146239778572076,0.14255993912552864,0.56
13.9,0.14499999999999996,-0.4,1.5707963267948966,-1.5707963267948966,0.15052110472070246,0.1419876267505693,0.56
14.0,0.14999999999999997,-0.4,1.5707963267948966,-1.5707963267948966,0.15957981165568413,0.14141531437560995,0.56
14.1,0.15499999999999997,-0.4,1.5707963267948966,-1.5707963267948966,0.16863851859066586,0.14084300200065064,0.56
14.2,0.15999999999999998,-0.4,1.5707963267948966,-1.5707963267948966,0.17769722552564754,0.1402706896256913,0.56
14.3,0.16499999999999995,-0.4,1.5707963267948966,-1.5707963267948966,0.18675593246062921,0.13969837725073198,0.56
14.4,0.16999999999999996,-0.4,1.5707963267948966,-1.5707963267948966,0.19581463939561092,0.13912606487577261,0.56
14.5,0.17499999999999996,-0.4,1.5707963267948966,-1.5707963267948966,0.2048733463305926,0.13855375250081328,0.56
14.6,0.17999999999999994,-0.4,1.5707963267948966,-1.5707963267948966,0.21393205326557427,0.13798144012585395,0.56
14.7,0.18499999999999994,-0.4,1.5707963267948966,-1.5707963267948966,0.222990760200556,0.13740912775089462,0.56
14.8,0.18999999999999997,-0.4,1.5707963267948966,-1.5707963267948966,0.2320494671355377,0.13683681537593528,0.56
14.9,0.19499999999999995,-0.4,1.5707963267948966,-1.5707963267948966,0.24110817407051935,0.13626450300097595,0.56
15.0,0.19999999999999996,-0.4,1.5707963267948966,-1.5707963267948966,0.25016688100550105,0.13569219062601662,0.56
15.1,0.20499999999999996,-0.405,1.5707963267948966,-1.5707963267948966,0.25188689410092396,0.12718262188851817,0.56
15.2,0.20999999999999996,-0.41000000000000003,1.5707963267948966,-1.5707963267948966,0.2536069071963469,0.11867305315101977,0.56
15.3,0.21499999999999997,-0.41500000000000004,1.5707963267948966,-1.5707963267948966,0.2553269202917698,0.11016348441352132,0.56
15.4,0.21999999999999995,-0.42000000000000004,1.5707963267948966,-1.5707963267948966,0.25704693338719264,0.10165391567602287,0.56
15.5,0.22499999999999998,-0.42500000000000004,1.5707963267948966,-1.5707963267948966,0.25876694648261556,0.09314434693852444,0.56
15.6,0.22999999999999995,-0.43000000000000005,1.5707963267948966,-1.5707963267948966,0.26048695957803847,0.08463477820102601,0.56
15.7,0.23499999999999996,-0.435,1.5707963267948966,-1.5707963267948966,0.2622069726734614,0.07612520946352758,0.56
15.8,0.23999999999999994,-0.43999999999999995,1.5707963267948966,-1.5707963267948966,0.26392698576888424,0.06761564072602913,0.56
15.9,0.24499999999999994,-0.445,1.5707963267948966,-1.5707963267948966,0.2656469988643072,0.059106071988530705,0.56
16.0,0.24999999999999994,-0.45,1.5707963267948966,-1.5707963267948966,0.2673670119597301,0.050596503251032265,0.56
16.1,0.255,-0.45500000000000007,1.5707963267948966,-1.5707963267948966,0.26908702505515303,0.04208693451353385,0.56
16.2,0.25999999999999995,-0.46,1.5707963267948966,-1.5707963267948966,0.2708070381505759,0.03357736577603541,0.56
16.3,0.26499999999999996,-0.465,1.5707963267948966,-1.5707963267948966,0.2725270512459988,0.02506779703853696,0.56
16.4,0.26999999999999996,-0.47000000000000003,1.5707963267948966,-1.5707963267948966,0.2742470643414217,0.01655822830103852,0.56
16.5,0.27499999999999997,-0.47500000000000003,1.5707963267948966,-1.5707963267948966,0.27596707743684457,0.008048659563540103,0.56
16.6,0.2799999999999999,-0.48,1.5707963267948966,-1.5707963267948966,0.2776870905322675,-0.00046090917395833625,0.56
16.7,0.2849999999999999,-0.485,1.5707963267948966,-1.5707963267948966,0.2794071036276904,-0.008970477911456783,0.56
16.8,0.2899999999999999,-0.49,1.5707963267948966,-1.5707963267948966,0.2811271167231133,-0.0174800466489552,0.56
16.9,0.29499999999999993,-0.495,1.5707963267948966,-1.5707963267948966,0.2828471298185362,-0.02598961538645364,0.56
17.0,0.29999999999999993,-0.5,1.5707963267948966,-1.5707963267948966,0.2845671429139591,-0.03449918412395209,0.56
17.1,0.30499999999999994,-0.505,1.5707963267948966,-1.5707963267948966,0.28628715600938204,-0.043008752861450505,0.56
17.2,0.30999999999999994,-0.51,1.5707963267948966,-1.5707963267948966,0.28800716910480495,-0.05151832159894895,0.56
17.3,0.315,-0.515,1.5707963267948966,-1.5707963267948966,0.2897271822002278,-0.06002789033644739,0.56
17.4,0.31999999999999995,-0.52,1.5707963267948966,-1.5707963267948966,0.2914471952956507,-0.0685374590739458,0.56
17.5,0.32499999999999996,-0.525,1.5707963267948966,-1.5707963267948966,0.29316720839107363,-0.07704702781144425,0.56
17.6,0.33499999999999996,-0.525,1.5707963267948966,-1.5707963267948966,0.3026327733473678,-0.07646475283753568,0.56
17.7,0.345,-0.525,1.5707963267948966,-1.5707963267948966,0.312098338303662,-0.0758824778636271,0.56
17.8,0.355,-0.525,1.5707963267948966,-1.5707963267948966,0.32156390325995615,-0.07530020288971853,0.56
17.9,0.365,-0.525,1.5707963267948966,-1.5707963267948966,0.33102946821625034,-0.07471792791580995,0.56
18.0,0.37499999999999994,-0.525,1.5707963267948966,-1.5707963267948966,0.34049503317254454,-0.07413565294190139,0.56
18.1,0.38499999999999995,-0.525,1.5707963267948966,-1.5707963267948966,0.34996059812883873,-0.0735533779679928,0.56
18.2,0.39499999999999996,-0.525,1.5707963267948966,-1.5707963267948966,0.35942616308513287,-0.07297110299408423,0.56
18.3,0.4049999999999999,-0.525,1.5707963267948966,-1.5707963267948966,0.36889172804142706,-0.07238882802017566,0.56
18.4,0.4149999999999999,-0.525,1.5707963267948966,-1.5707963267948966,0.37835729299772125,-0.07180655304626708,0.56
18.5,0.42499999999999993,-0.525,1.5707963267948966,-1.5707963267948966,0.3878228579540154,-0.07122427807235851,0.56
18.6,0.435,-0.525,1.5707963267948966,-1.5707963267948966,0.39728842291030964,-0.07064200309844994,0.56
18.7,0.44499999999999995,-0.525,1.5707963267948966,-1.5707963267948966,0.4067539878666038,-0.07005972812454137,0.56
18.8,0.45499999999999996,-0.525,1.5707963267948966,-1.5707963267948966,0.416219552822898,-0.06947745315063278,0.56
18.9,0.46499999999999997,-0.525,1.5707963267948966,-1.5707963267948966,0.42568511777919216,-0.0688951781767242,0.56
19.0,0.475,-0.525,1.5707963267948966,-1.5707963267948966,0.4351506827354863,-0.06831290320281563,0.56
19.1,0.485,-0.525,1.5707963267948966,-1.5707963267948966,0.4446162476917805,-0.06773062822890706,0.56
19.2,0.495,-0.525,1.5707963267948966,-1.5707963267948966,0.4540818126480747,-0.06714835325499849,0.56
19.3,0.505,-0.525,1.5707963267948966,-1.5707963267948966,0.4635473776043688,-0.06656607828108992,0.56
19.4,0.5149999999999999,-0.525,1.5707963267948966,-1.5707963267948966,0.473012942560663,-0.06598380330718133,0.56
19.5,0.5249999999999999,-0.525,1.5707963267948966,-1.5707963267948966,0.4824785075169572,-0.06540152833327276,0.56
19.6,0.5349999999999999,-0.525,1.5707963267948966,-1.5707963267948966,0.4919440724732514,-0.06481925335936418,0.56
19.7,0.545,-0.525,1.5707963267948966,-1.5707963267948966,0.5014096374295456,-0.06423697838545561,0.56
19.8,0.555,-0.525,1.5707963267948966,-1.5707963267948966,0.5108752023858397,-0.06365470341154704,0.56
19.9,0.565,-0.525,1.5707963267948966,-1.5707963267948966,0.5203407673421339,-0.06307242843763847,0.56
20.0,0.575,-0.525,1.5707963267948966,-1.5707963267948966,0.5298063322984281,-0.06249015346372989,0.56
20.1,0.58,-0.52,1.5707963267948966,-1.5707963267948966,0.5310873991609546,-0.053990547325180695,0.56
20.2,0.585,-0.515,1.5707963267948966,-1.5707963267948966,0.5323684660234812,-0.045490941186631495,0.56
20.3,0.59,-0.51,1.5707963267948966,-1.5707963267948966,0.5336495328860078,-0.0369913350480823,0.56
20.4,0.595,-0.505,1.5707963267948966,-1.5707963267948966,0.5349305997485343,-0.028491728909533102,0.56
20.5,0.6,-0.5,1.5707963267948966,-1.5707963267948966,0.5362116666110609,-0.019992122770983917,0.56
20.6,0.605,-0.495,1.5707963267948966,-1.5707963267948966,0.5374927334735874,-0.011492516632434717,0.56
20.7,0.61,-0.49,1.5707963267948966,-1.5707963267948966,0.538773800336114,-0.0029929104938855172,0.56
20.8,0.615,-0.485,1.5707963267948966,-1.5707963267948966,0.5400548671986405,0.0055066956446636825,0.56
20.9,0.62,-0.48,1.5707963267948966,-1.5707963267948966,0.5413359340611671,0.014006301783212868,0.56
21.0,0.625,-0.47500000000000003,1.5707963267948966,-1.5707963267948966,0.5426170009236936,0.022505907921762068,0.56
21.1,0.63,-0.4700000000000001,1.5707963267948966,-1.5707963267948966,0.5438980677862202,0.03100551406031126,0.56
21.2,0.635,-0.465,1.5707963267948966,-1.5707963267948966,0.5451791346487467,0.039505120198860454,0.56
21.3,0.6399999999999999,-0.46,1.5707963267948966,-1.5707963267948966,0.5464602015112732,0.04800472633740965,0.56
21.4,0.645,-0.455,1.5707963267948966,-1.5707963267948966,0.5477412683737998,0.05650433247595886,0.56
21.5,0.6499999999999999,-0.45,1.5707963267948966,-1.5707963267948966,0.5490223352363264,0.06500393861450804,0.56
21.6,0.6549999999999999,-0.445,1.5707963267948966,-1.5707963267948966,0.5503034020988529,0.07350354475305725,0.56
21.7,0.6599999999999999,-0.44,1.5707963267948966,-1.5707963267948966,0.5515844689613795,0.08200315089160645,0.56
21.8,0.665,-0.435,1.5707963267948966,-1.5707963267948966,0.5528655358239061,0.09050275703015563,0.56
21.9,0.6699999999999999,-0.43000000000000005,1.5707963267948966,-1.5707963267948966,0.5541466026864326,0.09900236316870481,0.56
22.0,0.6749999999999999,-0.42500000000000004,1.5707963267948966,-1.5707963267948966,0.5554276695489591,0.10750196930725402,0.56
22.1,0.6799999999999999,-0.42000000000000004,1.5707963267948966,-1.5707963267948966,0.5567087364114857,0.11600157544580322,0.56
22.2,0.6849999999999999,-0.41500000000000004,1.5707963267948966,-1.5707963267948966,0.5579898032740123,0.12450118158435242,0.56
22.3,0.69,-0.41000000000000003,1.5707963267948966,-1.5707963267948966,0.5592708701365388,0.13300078772290164,0.56
22.4,0.695,-0.405,1.5707963267948966,-1.5707963267948966,0.5605519369990654,0.1415003938614508,0.56
22.5,0.7,-0.4,1.5707963267948966,-1.5707963267948966,0.5618330038615919,0.15,0.56
22.6,0.695,-0.405,1.5707963267948966,-1.5707963267948966,0.5633596837071282,0.14189693520160368,0.56
22.7,0.6900000000000001,-0.41000000000000003,1.5707963267948966,-1.5707963267948966,0.5648863635526645,0.13379387040320737,0.56
22.8,0.6849999999999999,-0.41500000000000004,1.5707963267948966,-1.5707963267948966,0.5664130433982009,0.12569080560481105,0.56
22.9,0.6799999999999999,-0.42000000000000004,1.5707963267948966,-1.5707963267948966,0.5679397232437371,0.11758774080641474,0.56
23.0,0.6749999999999999,-0.42500000000000004,1.5707963267948966,-1.5707963267948966,0.5694664030892735,0.10948467600801841,0.56
23.1,0.6699999999999999,-0.43000000000000005,1.5707963267948966,-1.5707963267948966,0.5709930829348098,0.1013816112096221,0.56
23.2,0.665,-0.435,1.5707963267948966,-1.5707963267948966,0.5725197627803461,0.09327854641122578,0.56
23.3,0.6599999999999999,-0.43999999999999995,1.5707963267948966,-1.5707963267948966,0.5740464426258824,0.08517548161282945,0.56
23.4,0.6549999999999999,-0.445,1.5707963267948966,-1.5707963267948966,0.5755731224714188,0.07707241681443315,0.56
23.5,0.6499999999999999,-0.45,1.5707963267948966,-1.5707963267948966,0.5770998023169551,0.06896935201603682,0.56
23.6,0.645,-0.45500000000000007,1.5707963267948966,-1.5707963267948966,0.5786264821624915,0.06086628721764052,0.56
23.7,0.6399999999999999,-0.46,1.5707963267948966,-1.5707963267948966,0.5801531620080278,0.05276322241924419,0.56
23.8,0.635,-0.465,1.5707963267948966,-1.5707963267948966,0.581679841853564,0.04466015762084788,0.56
23.9,0.6299999999999999,-0.47000000000000003,1.5707963267948966,-1.5707963267948966,0.5832065216991004,0.03655709282245155,0.56
24.0,0.625,-0.47500000000000003,1.5707963267948966,-1.5707963267948966,0.5847332015446367,0.028454028024055243,0.56
24.1,0.62,-0.48,1.5707963267948966,-1.5707963267948966,0.586259881390173,0.02035096322565893,0.56
24.2,0.615,-0.485,1.5707963267948966,-1.5707963267948966,0.5877865612357094,0.012247898427262607,0.56
24.3,0.61,-0.49,1.5707963267948966,-1.5707963267948966,0.5893132410812457,0.0041448336288663,0.56
24.4,0.605,-0.495,1.5707963267948966,-1.5707963267948966,0.5908399209267821,-0.0039582311695300215,0.56
24.5,0.5999999999999999,-0.5,1.5707963267948966,-1.5707963267948966,0.5923666007723183,-0.01206129596792635,0.56
24.6,0.595,-0.505,1.5707963267948966,-1.5707963267948966,0.5938932806178547,-0.020164360766322647,0.56
24.7,0.59,-0.51,1.5707963267948966,-1.5707963267948966,0.5954199604633911,-0.028267425564718975,0.56
24.8,0.585,-0.515,1.5707963267948966,-1.5707963267948966,0.5969466403089274,-0.03637049036311529,0.56
24.9,0.58,-0.52,1.5707963267948966,-1.5707963267948966,0.5984733201544636,-0.0444735551615116,0.56
25.0,0.575,-0.525,1.5707963267948966,-1.5707963267948966,0.6,-0.05257661995990792,0.56
25.1,0.57,-0.53,1.5707963267948966,-1.5707963267948966,0.5919784094501607,-0.05645831004648648,0.56
25.2,0.5650000000000001,-0.535,1.5707963267948966,-1.5707963267948966,0.5839568189003215,-0.060340000133065036,0.56
25.3,0.56,-0.54,1.5707963267948966,-1.5707963267948966,0.5759352283504822,-0.06422169021964359,0.56
25.4,0.5549999999999999,-0.545,1.5707963267948966,-1.5707963267948966,0.567913637800643,-0.06810338030622215,0.56
25.5,0.5499999999999999,-0.55,1.5707963267948966,-1.5707963267948966,0.5598920472508037,-0.07198507039280072,0.56
25.6,0.5449999999999999,-0.555,1.5707963267948966,-1.5707963267948966,0.5518704567009644,-0.07586676047937926,0.56
25.7,0.54,-0.56,1.5707963267948966,-1.5707963267948966,0.5438488661511252,-0.07974845056595783,0.56
25.8,0.5349999999999999,-0.565,1.5707963267948966,-1.5707963267948966,0.5358272756012858,-0.08363014065253638,0.56
25.9,0.53,-0.5700000000000001,1.5707963267948966,-1.5707963267948966,0.5278056850514465,-0.08751183073911495,0.56
26.0,0.5249999999999999,-0.575,1.5707963267948966,-1.5707963267948966,0.5197840945016073,-0.09139352082569349,0.56
26.1,0.52,-0.5800000000000001,1.5707963267948966,-1.5707963267948966,0.511762503951768,-0.09527521091227206,0.56
26.2,0.5149999999999999,-0.585,1.5707963267948966,-1.5707963267948966,0.5037409134019287,-0.0991569009988506,0.56
26.3,0.51,-0.5900000000000001,1.5707963267948966,-1.5707963267948966,0.49571932285208953,-0.10303859108542918,0.56
26.4,0.5049999999999999,-0.595,1.5707963267948966,-1.5707963267948966,0.4876977323022502,-0.10692028117200773,0.56
26.5,0.49999999999999994,-0.6000000000000001,1.5707963267948966,-1.5707963267948966,0.4796761417524109,-0.11080197125858629,0.56
26.6,0.495,-0.605,1.5707963267948966,-1.5707963267948966,0.4716545512025717,-0.11468366134516485,0.56
26.7,0.49,-0.6100000000000001,1.5707963267948966,-1.5707963267948966,0.4636329606527324,-0.1185653514317434,0.56
26.8,0.485,-0.615,1.5707963267948966,-1.5707963267948966,0.4556113701028932,-0.12244704151832196,0.56
26.9,0.48,-0.6200000000000001,1.5707963267948966,-1.5707963267948966,0.4475897795530539,-0.12632873160490052,0.56
27.0,0.475,-0.625,1.5707963267948966,-1.5707963267948966,0.4395681890032146,-0.13021042169147906,0.56
27.1,0.47,-0.6300000000000001,1.5707963267948966,-1.5707963267948966,0.43154659845337534,-0.13409211177805763,0.56
27.2,0.46499999999999997,-0.635,1.5707963267948966,-1.5707963267948966,0.4235250079035361,-0.1379738018646362,0.56
27.3,0.45999999999999996,-0.6400000000000001,1.5707963267948966,-1.5707963267948966,0.41550341735369684,-0.14185549195121475,0.56
27.4,0.45499999999999996,-0.645,1.5707963267948966,-1.5707963267948966,0.4074818268038575,-0.1457371820377933,0.56
27.5,0.44999999999999996,-0.65,1.5707963267948966,-1.5707963267948966,0.3994602362540183,-0.14961887212437186,0.56
27.6,0.43999999999999995,-0.645,1.5707963267948966,-1.5707963267948966,0.3909873979228536,-0.1462449545004623,0.56
27.7,0.43,-0.6400000000000001,1.5707963267948966,-1.5707963267948966,0.382514559591689,-0.14287103687655275,0.56
27.8,0.41999999999999993,-0.635,1.5707963267948966,-1.5707963267948966,0.3740417212605243,-0.13949711925264316,0.56
27.9,0.4099999999999999,-0.63,1.5707963267948966,-1.5707963267948966,0.36556888292935963,-0.1361232016287336,0.56
28.0,0.39999999999999997,-0.625,1.5707963267948966,-1.5707963267948966,0.3570960445981951,-0.13274928400482403,0.56
28.1,0.38999999999999996,-0.6200000000000001,1.5707963267948966,-1.5707963267948966,0.34862320626703036,-0.12937536638091446,0.56
28.2,0.37999999999999995,-0.615,1.5707963267948966,-1.5707963267948966,0.3401503679358658,-0.1260014487570049,0.56
28.3,0.36999999999999994,-0.61,1.5707963267948966,-1.5707963267948966,0.3316775296047011,-0.12262753113309532,0.56
28.4,0.36,-0.605,1.5707963267948966,-1.5707963267948966,0.32320469127353646,-0.11925361350918576,0.56
28.5,0.35,-0.6000000000000001,1.5707963267948966,-1.5707963267948966,0.3147318529423718,-0.11587969588527619,0.56
28.6,0.33999999999999997,-0.5950000000000001,1.5707963267948966,-1.5707963267948966,0.3062590146112072,-0.11250577826136662,0.56
28.7,0.32999999999999996,-0.5900000000000001,1.5707963267948966,-1.5707963267948966,0.29778617628004256,-0.10913186063745706,0.56
28.8,0.31999999999999995,-0.585,1.5707963267948966,-1.5707963267948966,0.2893133379488778,-0.10575794301354749,0.56
28.9,0.30999999999999994,-0.5800000000000001,1.5707963267948966,-1.5707963267948966,0.2808404996177132,-0.10238402538963792,0.56
29.0,0.29999999999999993,-0.575,1.5707963267948966,-1.5707963267948966,0.27236766128654855,-0.09901010776572836,0.56
29.1,0.2899999999999999,-0.5700000000000001,1.5707963267948966,-1.5707963267948966,0.2638948229553839,-0.09563619014181879,0.56
29.2,0.2799999999999999,-0.565,1.5707963267948966,-1.5707963267948966,0.2554219846242193,-0.09226227251790922,0.56
29.3,0.26999999999999996,-0.56,1.5707963267948966,-1.5707963267948966,0.24694914629305464,-0.08888835489399965,0.56
29.4,0.25999999999999995,-0.555,1.5707963267948966,-1.5707963267948966,0.23847630796188996,-0.08551443727009009,0.56
29.5,0.24999999999999994,-0.55,1.5707963267948966,-1.5707963267948966,0.23000346963072532,-0.08214051964618052,0.56
29.6,0.23999999999999996,-0.545,1.5707963267948966,-1.5707963267948966,0.2215306312995607,-0.07876660202227095,0.56
29.7,0.22999999999999995,-0.54,1.5707963267948966,-1.5707963267948966,0.21305779296839605,-0.07539268439836139,0.56
29.8,0.21999999999999995,-0.535,1.5707963267948966,-1.5707963267948966,0.2045849546372314,-0.07201876677445182,0.56
29.9,0.20999999999999996,-0.53,1.5707963267948966,-1.5707963267948966,0.19611211630606676,-0.06864484915054225,0.56
30.0,0.19999999999999996,-0.525,1.5707963267948966,-1.5707963267948966,0.1876392779749021,-0.06527093152663269,0.56
30.1,0.19499999999999995,-0.52,1.5707963267948966,-1.5707963267948966,0.18398640965464774,-0.05922124534470406,0.56
30.2,0.18999999999999997,-0.515,1.5707963267948966,-1.5707963267948966,0.1803335413343934,-0.05317155916277545,0.56
30.3,0.18499999999999994,-0.51,1.5707963267948966,-1.5707963267948966,0.17668067301413903,-0.04712187298084683,0.56
30.4,0.17999999999999994,-0.505,1.5707963267948966,-1.5707963267948966,0.17302780469388465,-0.04107218679891822,0.56
30.5,0.17499999999999996,-0.5,1.5707963267948966,-1.5707963267948966,0.16937493637363032,-0.035022500616989596,0.56
30.6,0.16999999999999996,-0.495,1.5707963267948966,-1.5707963267948966,0.16572206805337594,-0.028972814435060987,0.56
30.7,0.16499999999999995,-0.49,1.5707963267948966,-1.5707963267948966,0.1620691997331216,-0.022923128253132363,0.56
30.8,0.15999999999999995,-0.485,1.5707963267948966,-1.5707963267948966,0.1584163314128672,-0.016873442071203747,0.56
30.9,0.15499999999999997,-0.48,1.5707963267948966,-1.5707963267948966,0.15476346309261285,-0.010823755889275134,0.56
31.0,0.14999999999999997,-0.47500000000000003,1.5707963267948966,-1.5707963267948966,0.1511105947723585,-0.0047740697073465135,0.56
31.1,0.14499999999999996,-0.4700000000000001,1.5707963267948966,-1.5707963267948966,0.14745772645210414,0.001275616474582096,0.56
31.2,0.13999999999999996,-0.465,1.5707963267948966,-1.5707963267948966,0.1438048581318498,0.007325302656510713,0.56
31.3,0.13499999999999995,-0.46,1.5707963267948966,-1.5707963267948966,0.14015198981159543,0.013374988838439336,0.56
31.4,0.12999999999999995,-0.455,1.5707963267948966,-1.5707963267948966,0.13649912149134108,0.019424675020367956,0.56
31.5,0.12499999999999996,-0.45,1.5707963267948966,-1.5707963267948966,0.13284625317108673,0.025474361202296562,0.56
31.6,0.11999999999999995,-0.445,1.5707963267948966,-1.5707963267948966,0.12919338485083237,0.03152404738422519,0.56
31.7,0.11499999999999995,-0.44,1.5707963267948966,-1.5707963267948966,0.125540516530578,0.03757373356615381,0.56
31.8,0.10999999999999996,-0.435,1.5707963267948966,-1.5707963267948966,0.12188764821032363,0.04362341974808241,0.56
31.9,0.10499999999999995,-0.43000000000000005,1.5707963267948966,-1.5707963267948966,0.11823477989006928,0.04967310593001104,0.56
32.0,0.09999999999999995,-0.42500000000000004,1.5707963267948966,-1.5707963267948966,0.11458191156981491,0.05572279211193966,0.56
32.1,0.09499999999999996,-0.42000000000000004,1.5707963267948966,-1.5707963267948966,0.11092904324956057,0.06177247829386826,0.56
32.2,0.08999999999999996,-0.41500000000000004,1.5707963267948966,-1.5707963267948966,0.1072761749293062,0.06782216447579688,0.56
32.3,0.08499999999999995,-0.41000000000000003,1.5707963267948966,-1.5707963267948966,0.10362330660905184,0.0738718506577255,0.56
32.4,0.07999999999999996,-0.405,1.5707963267948966,-1.5707963267948966,0.0999704382887975,0.07992153683965411,0.56
32.5,0.07499999999999996,-0.4,1.5707963267948966,-1.5707963267948966,0.09631756996854313,0.08597122302158273,0.56
32.6,0.07499999999999996,-0.405,1.5707963267948966,-1.5707963267948966,0.09358480546521213,0.079074242880981,0.56
32.7,0.07499999999999996,-0.41000000000000003,1.5707963267948966,-1.5707963267948966,0.09085204096188113,0.07217726274037926,0.56
32.8,0.07499999999999996,-0.41500000000000004,1.5707963267948966,-1.5707963267948966,0.08811927645855014,0.06528028259977753,0.56
32.9,0.07499999999999996,-0.42000000000000004,1.5707963267948966,-1.5707963267948966,0.08538651195521914,0.0583833024591758,0.56
33.0,0.07499999999999996,-0.42500000000000004,1.5707963267948966,-1.5707963267948966,0.08265374745188814,0.05148632231857408,0.56
33.1,0.07499999999999996,-0.43000000000000005,1.5707963267948966,-1.5707963267948966,0.07992098294855714,0.04458934217797235,0.56
33.2,0.07499999999999996,-0.435,1.5707963267948966,-1.5707963267948966,0.07718821844522614,0.0376923620373706,0.56
33.3,0.07499999999999996,-0.43999999999999995,1.5707963267948966,-1.5707963267948966,0.07445545394189515,0.03079538189676887,0.56
33.4,0.07499999999999996,-0.445,1.5707963267948966,-1.5707963267948966,0.07172268943856415,0.023898401756167146,0.56
33.5,0.07499999999999996,-0.45,1.5707963267948966,-1.5707963267948966,0.06898992493523315,0.0170014216155654,0.56
33.6,0.07499999999999996,-0.45500000000000007,1.5707963267948966,-1.5707963267948966,0.06625716043190216,0.010104441474963678,0.56
33.7,0.07499999999999996,-0.46,1.5707963267948966,-1.5707963267948966,0.06352439592857115,0.0032074613343619426,0.56
33.8,0.07499999999999996,-0.465,1.5707963267948966,-1.5707963267948966,0.060791631425240154,-0.003689518806239793,0.56
33.9,0.07499999999999996,-0.47000000000000003,1.5707963267948966,-1.5707963267948966,0.058058866921909154,-0.010586498946841529,0.56
34.0,0.07499999999999996,-0.47500000000000003,1.5707963267948966,-1.5707963267948966,0.05532610241857816,-0.01748347908744325,0.56
34.1,0.07499999999999996,-0.48,1.5707963267948966,-1.5707963267948966,0.05259333791524716,-0.02438045922804499,0.56
34.2,0.07499999999999996,-0.485,1.5707963267948966,-1.5707963267948966,0.04986057341191616,-0.031277439368646735,0.56
34.3,0.07499999999999996,-0.49,1.5707963267948966,-1.5707963267948966,0.04712780890858517,-0.03817441950924845,0.56
34.4,0.07499999999999996,-0.495,1.5707963267948966,-1.5707963267948966,0.04439504440525417,-0.04507139964985019,0.56
34.5,0.07499999999999996,-0.5,1.5707963267948966,-1.5707963267948966,0.04166227990192317,-0.051968379790451935,0.56
34.6,0.07499999999999996,-0.505,1.5707963267948966,-1.5707963267948966,0.03892951539859218,-0.05886535993105364,0.56
34.7,0.07499999999999996,-0.51,1.5707963267948966,-1.5707963267948966,0.03619675089526118,-0.06576234007165538,0.56
34.8,0.07499999999999996,-0.515,1.5707963267948966,-1.5707963267948966,0.03346398639193018,-0.07265932021225711,0.56
34.9,0.07499999999999996,-0.52,1.5707963267948966,-1.5707963267948966,0.030731221888599183,-0.07955630035285885,0.56
35.0,0.07499999999999996,-0.525,1.5707963267948966,-1.5707963267948966,0.027998457385268183,-0.08645328049346059,0.56
35.1,0.06999999999999995,-0.525,1.5707963267948966,-1.5707963267948966,0.025443887389124713,-0.08446184340619442,0.56
35.2,0.06499999999999996,-0.525,1.5707963267948966,-1.5707963267948966,0.022889317392981244,-0.08247040631892827,0.56
35.3,0.059999999999999956,-0.525,1.5707963267948966,-1.5707963267948966,0.020334747396837775,-0.0804789692316621,0.56
35.4,0.05499999999999995,-0.525,1.5707963267948966,-1.5707963267948966,0.017780177400694305,-0.07848753214439595,0.56
35.5,0.04999999999999996,-0.525,1.5707963267948966,-1.5707963267948966,0.015225607404550832,-0.0764960950571298,0.56
35.6,0.04499999999999996,-0.525,1.5707963267948966,-1.5707963267948966,0.012671037408407363,-0.07450465796986365,0.56
35.7,0.03999999999999995,-0.525,1.5707963267948966,-1.5707963267948966,0.010116467412263892,-0.07251322088259748,0.56
35.8,0.03499999999999995,-0.525,1.5707963267948966,-1.5707963267948966,0.0075618974161204226,-0.07052178379533132,0.56
35.9,0.029999999999999957,-0.525,1.5707963267948966,-1.5707963267948966,0.005007327419976957,-0.06853034670806517,0.56
36.0,0.024999999999999953,-0.525,1.5707963267948966,-1.5707963267948966,0.002452757423833484,-0.066538909620799,0.56
36.1,0.019999999999999962,-0.525,1.5707963267948966,-1.5707963267948966,-0.00010181257230998386,-0.06454747253353285,0.56
36.2,0.014999999999999958,-0.525,1.5707963267948966,-1.5707963267948966,-0.002656382568453455,-0.0625560354462667,0.56
36.3,0.009999999999999953,-0.525,1.5707963267948966,-1.5707963267948966,-0.005210952564596924,-0.060564598359000535,0.56
36.4,0.0049999999999999455,-0.525,1.5707963267948966,-1.5707963267948966,-0.007765522560740397,-0.058573161271734384,0.56
36.5,-4.163336342344337e-17,-0.525,1.5707963267948966,-1.5707963267948966,-0.010320092556883865,-0.056581724184468225,0.56
36.6,-0.005000000000000046,-0.525,1.5707963267948966,-1.5707963267948966,-0.012874662553027334,-0.05459028709720207,0.56
36.7,-0.010000000000000047,-0.525,1.5707963267948966,-1.5707963267948966,-0.015429232549170807,-0.0525988500099359,0.56
36.8,-0.015000000000000041,-0.525,1.5707963267948966,-1.5707963267948966,-0.01798380254531427,-0.05060741292266975,0.56
36.9,-0.020000000000000046,-0.525,1.5707963267948966,-1.5707963267948966,-0.020538372541457742,-0.0486159758354036,0.56
37.0,-0.02500000000000005,-0.525,1.5707963267948966,-1.5707963267948966,-0.023092942537601215,-0.046624538748137434,0.56
37.1,-0.03000000000000004,-0.525,1.5707963267948966,-1.5707963267948966,-0.025647512533744678,-0.04463310166087128,0.56
37.2,-0.035000000000000045,-0.525,1.5707963267948966,-1.5707963267948966,-0.028202082529888158,-0.04264166457360512,0.56
37.3,-0.04000000000000005,-0.525,1.5707963267948966,-1.5707963267948966,-0.030756652526031627,-0.04065022748633896,0.56
37.4,-0.04500000000000004,-0.525,1.5707963267948966,-1.5707963267948966,-0.03331122252217509,-0.03865879039907281,0.56
37.5,-0.050000000000000044,-0.525,1.5707963267948966,-1.5707963267948966,-0.03586579251831856,-0.03666735331180665,0.56
37.6,-0.05500000000000004,-0.52,1.5707963267948966,-1.5707963267948966,-0.04058999410891579,-0.03176181025847107,0.56
37.7,-0.060000000000000046,-0.515,1.5707963267948966,-1.5707963267948966,-0.04531419569951302,-0.026856267205135495,0.56
37.8,-0.06500000000000004,-0.51,1.5707963267948966,-1.5707963267948966,-0.050038397290110254,-0.02195072415179992,0.56
37.9,-0.07000000000000005,-0.505,1.5707963267948966,-1.5707963267948966,-0.054762598880707475,-0.017045181098464347,0.56
38.0,-0.07500000000000004,-0.5,1.5707963267948966,-1.5707963267948966,-0.05948680047130471,-0.012139638045128773,0.56
38.1,-0.08000000000000004,-0.495,1.5707963267948966,-1.5707963267948966,-0.06421100206190193,-0.0072340949917932,0.56
38.2,-0.08500000000000005,-0.49,1.5707963267948966,-1.5707963267948966,-0.06893520365249915,-0.002328551938457619,0.56
38.3,-0.09000000000000005,-0.485,1.5707963267948966,-1.5707963267948966,-0.07365940524309639,0.0025769911148779585,0.56
38.4,-0.09500000000000004,-0.48,1.5707963267948966,-1.5707963267948966,-0.07838360683369361,0.007482534168213529,0.56
38.5,-0.10000000000000005,-0.47500000000000003,1.5707963267948966,-1.5707963267948966,-0.08310780842429084,0.01238807722154911,0.56
38.6,-0.10500000000000005,-0.4700000000000001,1.5707963267948966,-1.5707963267948966,-0.08783201001488807,0.017293620274884677,0.56
38.7,-0.11000000000000004,-0.465,1.5707963267948966,-1.5707963267948966,-0.0925562116054853,0.022199163328220254,0.56
38.8,-0.11500000000000005,-0.46,1.5707963267948966,-1.5707963267948966,-0.09728041319608252,0.02710470638155583,0.56
38.9,-0.12000000000000005,-0.455,1.5707963267948966,-1.5707963267948966,-0.10200461478667976,0.032010249434891405,0.56
39.0,-0.12500000000000006,-0.45,1.5707963267948966,-1.5707963267948966,-0.10672881637727698,0.036915792488226976,0.56
39.1,-0.13000000000000006,-0.445,1.5707963267948966,-1.5707963267948966,-0.11145301796787421,0.04182133554156256,0.56
39.2,-0.13500000000000004,-0.44,1.5707963267948966,-1.5707963267948966,-0.11617721955847143,0.04672687859489814,0.56
39.3,-0.14000000000000004,-0.435,1.5707963267948966,-1.5707963267948966,-0.12090142114906867,0.05163242164823371,0.56
39.4,-0.14500000000000005,-0.43000000000000005,1.5707963267948966,-1.5707963267948966,-0.1256256227396659,0.05653796470156929,0.56
39.5,-0.15000000000000005,-0.42500000000000004,1.5707963267948966,-1.5707963267948966,-0.13034982433026313,0.06144350775490487,0.56
39.6,-0.15500000000000003,-0.42000000000000004,1.5707963267948966,-1.5707963267948966,-0.13507402592086035,0.06634905080824043,0.56
39.7,-0.16000000000000006,-0.41500000000000004,1.5707963267948966,-1.5707963267948966,-0.13979822751145757,0.07125459386157601,0.56
39.8,-0.16500000000000006,-0.41000000000000003,1.5707963267948966,-1.5707963267948966,-0.14452242910205482,0.07616013691491158,0.56
39.9,-0.17000000000000004,-0.405,1.5707963267948966,-1.5707963267948966,-0.14924663069265204,0.08106567996824715,0.56
40.0,-0.17500000000000004,-0.4,1.5707963267948966,-1.5707963267948966,-0.15397083228324926,0.08597122302158273,0.56
40.1,-0.17500000000000004,-0.41000000000000003,1.5707963267948966,-1.5707963267948966,-0.15485557785809748,0.07722622395249816,0.56
40.2,-0.17500000000000007,-0.42000000000000004,1.5707963267948966,-1.5707963267948966,-0.15574032343294567,0.0684812248834136,0.56
40.3,-0.17500000000000004,-0.43000000000000005,1.5707963267948966,-1.5707963267948966,-0.15662506900779385,0.059736225814329025,0.56
40.4,-0.17500000000000002,-0.44000000000000006,1.5707963267948966,-1.5707963267948966,-0.15750981458264204,0.05099122674524446,0.56
40.5,-0.17500000000000004,-0.45000000000000007,1.5707963267948966,-1.5707963267948966,-0.15839456015749026,0.0422462276761599,0.56
40.6,-0.17500000000000004,-0.4600000000000001,1.5707963267948966,-1.5707963267948966,-0.15927930573233845,0.03350122860707533,0.56
40.7,-0.17500000000000004,-0.47,1.5707963267948966,-1.5707963267948966,-0.16016405130718664,0.024756229537990754,0.56
40.8,-0.17500000000000004,-0.48,1.5707963267948966,-1.5707963267948966,-0.16104879688203483,0.016011230468906186,0.56
40.9,-0.17500000000000004,-0.49,1.5707963267948966,-1.5707963267948966,-0.16193354245688305,0.007266231399821625,0.56
41.0,-0.17500000000000004,-0.5,1.5707963267948966,-1.5707963267948966,-0.16281828803173123,-0.0014787676692629564,0.56
41.1,-0.17500000000000004,-0.51,1.5707963267948966,-1.5707963267948966,-0.16370303360657945,-0.010223766738347517,0.56
41.2,-0.17500000000000004,-0.52,1.5707963267948966,-1.5707963267948966,-0.16458777918142764,-0.018968765807432092,0.56
41.3,-0.17500000000000004,-0.53,1.5707963267948966,-1.5707963267948966,-0.16547252475627583,-0.027713764876516653,0.56
41.4,-0.17500000000000004,-0.54,1.5707963267948966,-1.5707963267948966,-0.16635727033112402,-0.03645876394560123,0.56
41.5,-0.17500000000000004,-0.55,1.5707963267948966,-1.5707963267948966,-0.16724201590597224,-0.04520376301468578,0.56
41.6,-0.17500000000000004,-0.56,1.5707963267948966,-1.5707963267948966,-0.16812676148082042,-0.05394876208377036,0.56
41.7,-0.17500000000000004,-0.5700000000000001,1.5707963267948966,-1.5707963267948966,-0.16901150705566864,-0.06269376115285494,0.56
41.8,-0.17500000000000004,-0.58,1.5707963267948966,-1.5707963267948966,-0.16989625263051683,-0.07143876022193948,0.56
41.9,-0.17500000000000004,-0.5900000000000001,1.5707963267948966,-1.5707963267948966,-0.17078099820536502,-0.08018375929102406,0.56
42.0,-0.17500000000000004,-0.6,1.5707963267948966,-1.5707963267948966,-0.1716657437802132,-0.08892875836010865,0.56
42.1,-0.17500000000000004,-0.6100000000000001,1.5707963267948966,-1.5707963267948966,-0.1725504893550614,-0.0976737574291932,0.56
42.2,-0.17500000000000004,-0.6200000000000001,1.5707963267948966,-1.5707963267948966,-0.17343523492990962,-0.10641875649827777,0.56
42.3,-0.17500000000000004,-0.6300000000000001,1.5707963267948966,-1.5707963267948966,-0.1743199805047578,-0.11516375556736234,0.56
42.4,-0.17500000000000004,-0.64,1.5707963267948966,-1.5707963267948966,-0.175204726079606,-0.12390875463644692,0.56
42.5,-0.17500000000000004,-0.65,1.5707963267948966,-1.5707963267948966,-0.1760894716544542,-0.13265375370553148,0.56
42.6,-0.18000000000000005,-0.645,1.5707963267948966,-1.5707963267948966,-0.18347794664785366,-0.12957987322329478,0.56
42.7,-0.18500000000000005,-0.6400000000000001,1.5707963267948966,-1.5707963267948966,-0.19086642164125317,-0.1265059927410581,0.56
42.8,-0.19000000000000006,-0.635,1.5707963267948966,-1.5707963267948966,-0.19825489663465262,-0.12343211225882138,0.56
42.9,-0.19500000000000003,-0.63,1.5707963267948966,-1.5707963267948966,-0.2056433716280521,-0.12035823177658468,0.56
43.0,-0.20000000000000007,-0.625,1.5707963267948966,-1.5707963267948966,-0.21303184662145158,-0.11728435129434799,0.56
43.1,-0.20500000000000004,-0.6200000000000001,1.5707963267948966,-1.5707963267948966,-0.22042032161485106,-0.11421047081211129,0.56
43.2,-0.21000000000000005,-0.615,1.5707963267948966,-1.5707963267948966,-0.22780879660825054,-0.11113659032987458,0.56
43.3,-0.21500000000000002,-0.61,1.5707963267948966,-1.5707963267948966,-0.23519727160165002,-0.10806270984763788,0.56
43.4,-0.22000000000000003,-0.605,1.5707963267948966,-1.5707963267948966,-0.2425857465950495,-0.10498882936540119,0.56
43.5,-0.22500000000000003,-0.6000000000000001,1.5707963267948966,-1.5707963267948966,-0.24997422158844898,-0.10191494888316449,0.56
43.6,-0.23000000000000007,-0.5950000000000001,1.5707963267948966,-1.5707963267948966,-0.25736269658184846,-0.0988410684009278,0.56
43.7,-0.23500000000000004,-0.5900000000000001,1.5707963267948966,-1.5707963267948966,-0.26475117157524797,-0.09576718791869109,0.56
43.8,-0.24000000000000005,-0.585,1.5707963267948966,-1.5707963267948966,-0.2721396465686474,-0.0926933074364544,0.56
43.9,-0.24500000000000005,-0.5800000000000001,1.5707963267948966,-1.5707963267948966,-0.27952812156204687,-0.08961942695421769,0.56
44.0,-0.25000000000000006,-0.575,1.5707963267948966,-1.5707963267948966,-0.2869165965554463,-0.086545546471981,0.56
44.1,-0.25500000000000006,-0.5700000000000001,1.5707963267948966,-1.5707963267948966,-0.29430507154884583,-0.08347166598974429,0.56
44.2,-0.26000000000000006,-0.565,1.5707963267948966,-1.5707963267948966,-0.30169354654224534,-0.08039778550750759,0.56
44.3,-0.265,-0.56,1.5707963267948966,-1.5707963267948966,-0.3090820215356448,-0.0773239050252709,0.56
44.4,-0.27,-0.555,1.5707963267948966,-1.5707963267948966,-0.3164704965290443,-0.0742500245430342,0.56
44.5,-0.275,-0.55,1.5707963267948966,-1.5707963267948966,-0.32385897152244375,-0.0711761440607975,0.56
44.6,-0.28,-0.545,1.5707963267948966,-1.5707963267948966,-0.3312474465158432,-0.0681022635785608,0.56
44.7,-0.2850000000000001,-0.54,1.5707963267948966,-1.5707963267948966,-0.33863592150924265,-0.06502838309632411,0.56
44.8,-0.2900000000000001,-0.535,1.5707963267948966,-1.5707963267948966,-0.34602439650264216,-0.06195450261408741,0.56
44.9,-0.29500000000000004,-0.53,1.5707963267948966,-1.5707963267948966,-0.35341287149604167,-0.05888062213185071,0.56
45.0,-0.30000000000000004,-0.525,1.5707963267948966,-1.5707963267948966,-0.3608013464894411,-0.05580674164961401,0.56
45.1,-0.31000000000000005,-0.525,1.5707963267948966,-1.5707963267948966,-0.367799028706729,-0.05249931474174607,0.56
45.2,-0.32000000000000006,-0.525,1.5707963267948966,-1.5707963267948966,-0.37479671092401684,-0.04919188783387815,0.56
45.3,-0.33000000000000007,-0.525,1.5707963267948966,-1.5707963267948966,-0.38179439314130464,-0.045884460926010215,0.56
45.4,-0.34,-0.525,1.5707963267948966,-1.5707963267948966,-0.3887920753585925,-0.04257703401814228,0.56
45.5,-0.3500000000000001,-0.525,1.5707963267948966,-1.5707963267948966,-0.39578975757588036,-0.03926960711027436,0.56
45.6,-0.36000000000000004,-0.525,1.5707963267948966,-1.5707963267948966,-0.4027874397931682,-0.03596218020240642,0.56
45.7,-0.37000000000000005,-0.525,1.5707963267948966,-1.5707963267948966,-0.409785122010456,-0.032654753294538486,0.56
45.8,-0.38,-0.525,1.5707963267948966,-1.5707963267948966,-0.41678280422774383,-0.02934732638667055,0.56
45.9,-0.39,-0.525,1.5707963267948966,-1.5707963267948966,-0.4237804864450317,-0.026039899478802624,0.56
46.0,-0.4,-0.525,1.5707963267948966,-1.5707963267948966,-0.43077816866231955,-0.022732472570934692,0.56
46.1,-0.41000000000000003,-0.525,1.5707963267948966,-1.5707963267948966,-0.43777585087960735,-0.019425045663066767,0.56
46.2,-0.42000000000000004,-0.525,1.5707963267948966,-1.5707963267948966,-0.4447735330968952,-0.01611761875519883,0.56
46.3,-0.43000000000000005,-0.525,1.5707963267948966,-1.5707963267948966,-0.45177121531418307,-0.012810191847330898,0.56
46.4,-0.44000000000000006,-0.525,1.5707963267948966,-1.5707963267948966,-0.4587688975314709,-0.009502764939462964,0.56
46.5,-0.45000000000000007,-0.525,1.5707963267948966,-1.5707963267948966,-0.4657665797487588,-0.006195338031595037,0.56
46.6,-0.4600000000000001,-0.525,1.5707963267948966,-1.5707963267948966,-0.4727642619660466,-0.002887911123727105,0.56
46.7,-0.4700000000000001,-0.525,1.5707963267948966,-1.5707963267948966,-0.4797619441833344,0.0004195157841408309,0.56
46.8,-0.48000000000000004,-0.525,1.5707963267948966,-1.5707963267948966,-0.48675962640062226,0.0037269426920087563,0.56
46.9,-0.49000000000000005,-0.525,1.5707963267948966,-1.5707963267948966,-0.4937573086179101,0.00703436959987669,0.56
47.0,-0.5,-0.525,1.5707963267948966,-1.5707963267948966,-0.500754990835198,0.010341796507744624,0.56
47.1,-0.51,-0.525,1.5707963267948966,-1.5707963267948966,-0.5077526730524858,0.013649223415612552,0.56
47.2,-0.52,-0.525,1.5707963267948966,-1.5707963267948966,-0.5147503552697736,0.016956650323480486,0.56
47.3,-0.5300000000000001,-0.525,1.5707963267948966,-1.5707963267948966,-0.5217480374870616,0.020264077231348418,0.56
47.4,-0.54,-0.525,1.5707963267948966,-1.5707963267948966,-0.5287457197043494,0.023571504139216347,0.56
47.5,-0.55,-0.525,1.5707963267948966,-1.5707963267948966,-0.5357434019216372,0.02687893104708428,0.56
47.6,-0.55,-0.53,1.5707963267948966,-1.5707963267948966,-0.5383136658447716,0.01980377380520091,0.56
47.7,-0.5500000000000002,-0.535,1.5707963267948966,-1.5707963267948966,-0.540883929767906,0.012728616563317537,0.56
47.8,-0.55,-0.54,1.5707963267948966,-1.5707963267948966,-0.5434541936910404,0.005653459321434167,0.56
47.9,-0.55,-0.545,1.5707963267948966,-1.5707963267948966,-0.5460244576141748,-0.001421697920449206,0.56
48.0,-0.55,-0.55,1.5707963267948966,-1.5707963267948966,-0.5485947215373093,-0.008496855162332576,0.56
48.1,-0.55,-0.555,1.5707963267948966,-1.5707963267948966,-0.5511649854604437,-0.015572012404215945,0.56
48.2,-0.55,-0.56,1.5707963267948966,-1.5707963267948966,-0.5537352493835781,-0.02264716964609932,0.56
48.3,-0.55,-0.565,1.5707963267948966,-1.5707963267948966,-0.5563055133067125,-0.02972232688798269,0.56
48.4,-0.55,-0.5700000000000001,1.5707963267948966,-1.5707963267948966,-0.5588757772298469,-0.03679748412986606,0.56
48.5,-0.55,-0.575,1.5707963267948966,-1.5707963267948966,-0.5614460411529814,-0.04387264137174943,0.56
48.6,-0.55,-0.5800000000000001,1.5707963267948966,-1.5707963267948966,-0.5640163050761158,-0.05094779861363281,0.56
48.7,-0.55,-0.585,1.5707963267948966,-1.5707963267948966,-0.5665865689992502,-0.05802295585551617,0.56
48.8,-0.55,-0.5900000000000001,1.5707963267948966,-1.5707963267948966,-0.5691568329223846,-0.06509811309739955,0.56
48.9,-0.55,-0.595,1.5707963267948966,-1.5707963267948966,-0.5717270968455191,-0.07217327033928292,0.56
49.0,-0.55,-0.6000000000000001,1.5707963267948966,-1.5707963267948966,-0.5742973607686536,-0.07924842758116629,0.56
49.1,-0.55,-0.605,1.5707963267948966,-1.5707963267948966,-0.5768676246917879,-0.08632358482304966,0.56
49.2,-0.55,-0.6100000000000001,1.5707963267948966,-1.5707963267948966,-0.5794378886149224,-0.09339874206493304,0.56
49.3,-0.55,-0.615,1.5707963267948966,-1.5707963267948966,-0.5820081525380568,-0.1004738993068164,0.56
49.4,-0.55,-0.6200000000000001,1.5707963267948966,-1.5707963267948966,-0.5845784164611912,-0.10754905654869976,0.56
49.5,-0.55,-0.625,1.5707963267948966,-1.5707963267948966,-0.5871486803843257,-0.11462421379058314,0.56
49.6,-0.55,-0.6300000000000001,1.5707963267948966,-1.5707963267948966,-0.5897189443074601,-0.12169937103246652,0.56
49.7,-0.55,-0.635,1.5707963267948966,-1.5707963267948966,-0.5922892082305945,-0.1287745282743499,0.56
49.8,-0.55,-0.6400000000000001,1.5707963267948966,-1.5707963267948966,-0.5948594721537289,-0.13584968551623328,0.56
49.9,-0.55,-0.645,1.5707963267948966,-1.5707963267948966,-0.5974297360768633,-0.14292484275811662,0.56
50.0,-0.55,-0.65,1.5707963267948966,-1.5707963267948966,-0.5999999999999978,-0.15,0.56
